"","main_mnm1","main_mnm2","main_mnm"
"1",-38.0216242032854,-40.0215812024668,-40.7141173023683
"2",-0.3079981266013,4.59078637557456,2.86446362937629
"3",-26.2304822435995,-27.7888970716522,-24.9078359322619
"4",-20.0734200093949,-20.6115634931562,-15.2459359782972
"5",-2.70113826970532,-3.87755912400026,-4.17766057757208
"6",-9.13189640783638,-8.2937208538365,-9.96130166493492
"7",-3.47902947635308,-3.4337005696157,-4.81070375144057
"8",-4.329479167658,-6.30040986171844,0.985705451333469
"9",-8.44633355622595,-9.04141783114417,-10.8408286961468
"10",-35.1488793548361,-36.1108234429736,-37.0934843813276
"11",-9.55199324396236,-11.3225656560671,-8.14844384795306
"12",-20.6786940539156,-18.9226587773519,-16.8302119537194
"13",-0.858868052342721,-2.67940255110012,-1.9489405675134
"14",-27.1821908551585,-9.69662606874131,-11.4410987439518
"15",-36.6791858340547,-38.2269142150803,-29.3241899161938
"16",-8.44752824830394,-3.05961292170232,-4.73318829488322
"17",-9.82644906130745,-11.7335594947768,-9.68200152320208
"18",-21.2376756983241,-20.7591571933466,-22.5990337399164
"19",-10.0054436641293,-10.0058180725918,-11.0247571080562
"20",-19.0775152732979,-20.9659066799333,-19.3597469065297
"21",-4.17690260533724,-6.13357243392349,-4.74220511118562
"22",-11.0113073037236,-12.2036382959632,-10.2923583088707
"23",-25.854093462465,-27.8435672678341,-21.3491530393902
"24",-18.0785503542651,-18.3516987923579,-13.728156277005
"25",-14.773620523668,-16.3055389862383,-12.2061415250266
"26",-19.7912802819524,-21.7807904092512,-16.9416583685368
"27",-24.3651759555202,-25.8587672434849,-25.8027159179017
"28",-10.4205433623158,-12.3708619648327,-14.3705549773734
"29",-7.40271109252386,-8.9416425621726,-10.3287647797292
"30",-2.74333652811078,-0.453518046372457,-1.32008097479128
"31",-24.3408295244632,-24.5661089096172,-23.1516166539585
"32",-16.68893142724,-14.2540680169521,-10.8409964621383
"33",-9.10490475031762,-9.13187075480908,-9.27862252266209
"34",-20.8077665131163,-21.8041720952384,-6.27812220205111
"35",-28.6502860048229,-28.3602615772655,-29.6745402721547
"36",-8.11030318414745,-9.12380201304254,-7.34625365444895
"37",-29.9560025567659,-31.7664232790559,-30.9349918265417
"38",-28.7642650887199,-25.9340924041697,-27.5497937561972
"39",-27.1286624379056,-28.5817085646705,-30.2429597350186
"40",-8.4462642090303,-10.4337710069705,-8.24149463678728
"41",-24.4668998844632,-26.387278216377,-22.9150000247243
"42",-10.994901276827,-9.03684576438842,-11.01353467973
"43",-5.8172392387161,-4.78110933587137,-5.80479997374154
"44",-24.0661200275955,-25.2458298823823,-24.8419966777191
"45",-19.0872183621044,-21.0674587507295,-19.4658569346853
"46",-11.6794257664702,-13.1542315965752,-13.8848423478908
"47",-22.4203684471242,-20.6719163959536,-22.57102345049
"48",-10.4899124963991,-11.776908020075,-13.0771150534601
"49",-2.81292310831703,-3.99405534884071,-3.93933831287414
"50",-27.6286420533986,-27.6399468752123,-18.45576206332
"51",-11.3706908965488,-13.310888334656,-5.87284145295709
"52",-27.5011200925551,-29.2924438094395,-16.1945622592621
"53",-14.5485315640385,-15.548079882219,-11.4846282087499
"54",-6.17298998882011,-7.95042077718359,-5.93597620672046
"55",-25.8766311757014,-24.6212269049825,-26.5675482028238
"56",-19.9142790160228,-20.6075427530887,-16.6582735097734
"57",-24.0071371341647,-24.9952417630001,-12.8099081859413
"58",-8.80968263484049,-8.42601309369287,-9.16299084950932
"59",-15.9153866101617,-17.8991297103469,-11.7046960644228
"60",-15.0872480587978,-16.6901770535035,-13.6987674702933
"61",-21.4826151067623,-23.2529473461386,-23.9522820914645
"62",-7.59184191791695,-9.11392646435785,-1.24958352764881
"63",-27.6365072485252,-29.0214781016446,-29.6266670759348
"64",-22.1305800148276,-18.5450256345881,-10.3812590575644
"65",-17.5552768207872,-17.9542139795288,-16.3489376954864
"66",-10.040553872948,-11.9323552873422,-9.39753744877033
"67",6.87228381478894,5.76573859917835,7.57151356770158
"68",-1.82062143296656,-3.23463745714401,1.01473156363164
"69",-16.1739739942512,-17.1706502259828,-18.8585862928326
"70",-20.4635121871119,-22.2728992462956,-19.6651265331908
"71",-4.77074326162265,-5.14829447656636,-4.82098981719061
"72",-15.5106706089562,-17.4286057736432,-10.4837057188729
"73",-18.609332928036,-20.5935659438444,-17.0057854523343
"74",-9.92556550878469,-11.3742732574957,-8.15562340855752
"75",-22.8836661680776,-24.1754995509161,-26.1501722656449
"76",-5.14058097353956,-5.5220204787194,-7.06313997621494
"77",-16.8636831405503,-18.3705799305092,-19.8244060824535
"78",-20.412946168853,-20.591780691468,-9.90599305168951
"79",-15.4002168554942,-14.638970825226,-11.206985075286
"80",-14.2981475105038,-14.5031031351986,-10.3632067445305
"81",-11.4456518174152,-12.5856506443924,-12.2464454482333
"82",-15.5524702666178,-17.547958746286,-12.3906268027454
"83",-18.7916436534898,-17.9707002528244,-13.5168539480276
"84",-34.0150960584568,-33.3692083910595,-31.808021480674
"85",-6.19566360858836,-7.90325468454768,-2.22059648709971
"86",-17.3822989872816,-19.0651369135837,-15.5790272719668
"87",-17.6251495956402,-8.00476464561582,-9.21068914262035
"88",-31.7081627547131,-33.6473663605368,-35.2574891553048
"89",-24.2738625076267,-24.7576609284395,-23.6778586719572
"90",-6.96235766369137,-8.9407879979664,-7.61257444376045
"91",-30.299457447426,-32.2472002033142,-14.9723750989948
"92",-36.7578190931548,-36.8928373775414,-23.9916996681831
"93",-0.860954422247321,-2.40663908417466,1.53343289650513
"94",-20.2970239698208,-22.1715922077974,-14.6754907570787
"95",-18.3694309477517,-16.9821372581405,-14.747153059509
"96",-33.6023150298279,-32.9373929396466,-30.6467079292635
"97",-16.0665485053702,-16.4379932258783,-11.7103943849544
"98",-4.29844426187895,-5.74532576407461,-3.81464742081705
"99",-19.9589303849516,-21.9068466808672,-20.2150933984652
"100",-10.6831998521386,-12.6812153390308,-1.5267356941434
"101",-23.408432175131,-25.1361163793197,-23.1719466243218
"102",-7.16945096921666,-8.92312483862108,-8.87814720740597
"103",-25.3869960699793,-27.3797007168572,-24.1775383374143
"104",-19.8364001215182,-21.4188896986838,-20.763456789034
"105",-6.34053677962896,-8.02004631483739,-8.49404765310994
"106",-18.9864313184329,-20.8976111544642,-12.8156668557766
"107",-21.6060496245999,-23.2830237512233,-15.9560457710943
"108",-5.91479482855408,-7.65391643801025,-5.55990337010384
"109",-12.239671571024,-10.6186952562521,-12.1368630468273
"110",-20.307139818979,-19.1595080127215,-20.7081171519726
"111",-3.58917541705625,-3.20594968030216,-4.89909979962848
"112",-27.6678851760138,-29.4389127713977,-12.0993555710736
"113",-26.1003980718671,-27.8768186395231,-26.7665823703158
"114",-6.61521775038637,-8.44618964605756,-2.45663177585008
"115",-14.2891385094,-16.2103092487934,-13.039712395241
"116",-21.8387621706747,-23.3857162232827,-23.4155502124399
"117",-14.1872161870179,-15.240127956403,-16.28495781219
"118",-11.791193029728,-9.43931984915321,-6.74998968249576
"119",-1.68033566546018,-2.83182968139544,0.912168898184342
"120",-17.4821823613592,-19.4342330959769,-12.8074112336521
"121",-9.4498721411919,-11.2391513584582,-5.21018302090861
"122",-15.283884316534,-17.2759418347137,-13.2565243396484
"123",-39.2948270467433,-37.6637573324757,-31.1338152602839
"124",-18.2592442222713,-19.5270794681829,-17.2216957258995
"125",-10.0026709781442,-11.9970281046508,-3.67317645831765
"126",-10.6676199012213,-10.9100318161332,-12.5359507495786
"127",-42.9047880559596,-44.5940728962107,-40.3286651889498
"128",-22.7621930615156,-24.4497665285782,-19.0816992577779
"129",-22.9687861050019,-22.5063378461617,-24.1775251354779
"130",-50.581534710702,-45.8993427834735,-47.4790368900039
"131",-7.6862220457376,-9.39469150629445,-9.17484077898457
"132",-34.2934745993411,-34.0882571221405,-30.0940609864287
"133",-8.20741358559324,-10.2059813057527,-4.06588976157196
"134",-1.90912852161328,4.34538270754029,3.95731743556944
"135",5.39101037076208,4.19675562777746,4.05190330826329
"136",-0.35256668494161,-2.35240457960434,0.569399159331275
"137",-20.2834471413524,-22.2673179415066,-10.7779627027127
"138",-7.54465126846992,-8.647113898213,-7.95549806888829
"139",-13.388028375268,-14.822420878536,-16.0525796986501
"140",-15.4340849441714,-17.4317983361196,-19.034587544537
"141",-9.64288418936272,-11.6398039719154,-4.82147886008758
"142",-19.915878687235,-20.0122442479983,-22.0120877092161
"143",-18.6694468231654,-17.7947635212845,-10.1602414179882
"144",-13.8186654456786,-15.8168307849819,-10.1874369420985
"145",-24.1730104316042,-12.6686717447457,-12.9643886951534
"146",-1.06543130233984,-2.40870969037602,-2.01057457633625
"147",-13.3807198479836,-14.0107007512187,-10.4166809054741
"148",-12.3356407112237,-13.9105305916542,-10.9020746874653
"149",-22.422462413487,-23.938739084959,-21.0682233770619
"150",-14.1472426049421,-15.2113605951285,-13.7201724444749
"151",-7.35309024033632,-7.86419277097152,-8.42464398534053
"152",-23.030298220993,-22.7901476012978,-19.8854747166426
"153",-14.5434600407804,-15.5619745232924,-13.6383021178081
"154",-15.3143487560532,-16.1995963123792,-17.8160264124831
"155",-18.4272208296043,-20.3821449079444,-12.6351369964513
"156",-27.4127201602488,-29.2480885607232,-27.3875546216111
"157",-15.7427538619653,-17.3681993003585,-18.514767247897
"158",-9.94999710161041,-11.9160093334386,-8.02333953190893
"159",-21.9675262951897,-20.4398414885601,-19.7083471888703
"160",-13.1481948122577,-11.6716924042796,-9.58054224942577
"161",-24.0550371089753,-24.2687918809852,-25.8338920958254
"162",-16.1486413039287,-14.6862469735055,-14.4770119559433
"163",-37.0210080605124,-38.0432117961329,-27.9104852654079
"164",-27.1809693664091,-27.6201565335947,-17.0113706942977
"165",-22.2803130826565,-23.9996043172207,-19.3546931312677
"166",-3.65613922527123,-5.26802438035802,-3.25292195441837
"167",-28.6630354313568,-18.9725882922155,-20.9589340051808
"168",-22.3493187223516,-22.9576546991832,-23.3770561111764
"169",-11.1738174575467,-13.04925183223,-10.1318540626217
"170",-17.1245419141974,-19.1156477477266,-19.5348989238445
"171",-9.3859978125843,-10.7636635060425,-8.04769608184118
"172",-10.4941538554042,-11.8582109613303,-10.8978960271254
"173",-0.520726784138349,1.16557403041718,0.576702834379965
"174",-28.2975421338364,-28.2682318349641,-29.8995468599101
"175",-6.90475316911252,-7.92060926782846,-7.73365381027288
"176",-11.8280951689977,-12.7795247205542,-14.138320685193
"177",-19.0813322382881,-19.9905157186057,-18.2529013587519
"178",-30.79335670807,-32.5040544716056,-11.9178208255186
"179",-1.95461653486058,-3.72319522333462,1.32157557852973
"180",-8.31407554128891,-10.0510783026114,-6.8384123215593
"181",-2.46717829627444,-4.26224444489281,-0.916901005727654
"182",-44.1856212089421,-40.3315138019832,-41.2761930021239
"183",-43.8578358759001,-44.8690795811923,-43.193715299126
"184",-24.4725784001268,-24.3925816958801,-24.3753853646799
"185",3.2822914393575,1.28239856727591,2.9130950846318
"186",-13.3174233431996,-13.9197401023055,-12.9941759987507
"187",-18.4904803516627,-20.1355706507648,-16.4992786603029
"188",-13.507669309728,-15.3496873954531,-12.3688831273392
"189",-23.0905686067937,-21.0224434092583,-11.6559508286054
"190",-17.6463066717323,-19.6461586575186,-15.2954264854928
"191",-12.5465630803223,-8.13661088145902,-9.05392489912761
"192",-19.4809200287428,-18.6801679565463,-3.29274468254851
"193",-16.6335433460841,-18.5682714855289,-11.0060547625401
"194",-12.5182165264719,-13.8486603834303,-9.32853707486161
"195",-16.552581482884,-14.0654796112266,-12.7641439360964
"196",-6.52600968888716,-8.41001393162244,-3.39350107785438
"197",-7.40587851058822,-8.81451011083264,-9.20516551608878
"198",-9.33960983289294,-11.0677505806501,-7.23619747798837
"199",-24.2126418839379,-25.9278748865261,-19.7778484512219
"200",-29.0067099591384,-30.9711365245477,-32.7451219206549
"201",-16.41406325171,-17.9687575679263,-11.0641635520296
"202",-19.0101727221362,-18.6340528824863,-18.1573221040272
"203",-19.7007380156213,-19.6556601956351,-20.1470245642356
"204",-16.0395484796639,-14.8554015897855,-13.1461431462675
"205",-35.9470649097267,-37.52033751749,-35.9646546088925
"206",-11.0375800818387,-12.8330359942556,-8.40279804536992
"207",-16.265259636625,-18.1377699332546,-16.0129689813093
"208",-14.9036923308699,-16.8228676715387,-15.8146067017152
"209",-18.5836165109458,-20.5836082351743,-17.2009657889168
"210",-14.3356132840172,-14.3432259027066,-12.9340185347084
"211",-12.8637813140105,-14.833561149588,-6.34724323228947
"212",-6.40297493505733,-8.09439839994536,-6.1371972073196
"213",-15.1955663364638,-15.6904465317077,-14.5109917437519
"214",-18.2122444787797,-14.0926853602653,-11.3020990762762
"215",-19.9625655783018,-19.1468301783019,-14.9980977939422
"216",3.4510267764954,2.16753028057508,2.77547263616652
"217",-9.93194459449165,-11.3189133363598,-9.69746545962087
"218",-9.13421218365993,-2.44641495664001,2.53657061035338
"219",-19.6678511061892,-21.0745953380886,-22.2190566257834
"220",-10.2152049004907,-12.0898527991581,0.39710922163368
"221",-3.79338615919751,-5.55444765497624,-5.46797283983203
"222",-12.3711653839973,-10.7626055214419,-12.7521689964179
"223",-10.8945857088689,-9.44466401058336,-9.48771451525412
"224",-10.4221990369401,-11.5729896868017,-11.0636006445725
"225",-11.6647865204152,-12.1453688037887,-12.7015913141703
"226",-20.3462742254951,-22.0543874253393,-18.9453559298362
"227",-17.2998099618516,-17.8863275660815,-18.6182425159175
"228",-11.8119689142898,-12.2908623558292,-11.9611942133142
"229",-14.5128446908539,-16.0297851541599,-13.5827848921574
"230",-0.904316060476237,-2.81653269055628,-3.29898224386615
"231",-27.3743980639849,-23.5064526455224,-25.4931511398878
"232",-28.4644028529506,-30.1255833946652,-31.6950556833183
"233",-9.5588041262485,-5.78915673305317,-7.10974135935533
"234",0.14793828791437,1.27937907973101,3.72720214497376
"235",-4.38421315499631,-5.43835074489283,-6.21936971306163
"236",-23.108159883857,-22.1748861051712,-18.0334944950303
"237",-11.0264257216369,-12.8728494400574,-9.38204475631252
"238",-6.53587537636141,-6.31270063048154,-0.625651468300321
"239",-19.9867234649208,-21.8955374327871,-8.11890713384356
"240",-35.2749067164345,-37.0647086730326,-23.4982162663558
"241",-16.8683337730629,-17.7988510336399,-19.0906891822637
"242",-29.5624803985593,-26.7893026043319,-24.6555213635064
"243",-12.0938193496515,-13.1063504960932,-11.8548637958551
"244",-20.976961168658,-22.7558941340086,-23.7265393480846
"245",-2.74240913077167,-3.93532541337968,-4.59182079192706
"246",-12.8559608125889,-12.9130666687119,-12.7373874016766
"247",-24.5888231877074,-25.9419903527245,-17.7055421940888
"248",1.85688667503053,2.07368713259872,1.36187287410808
"249",-24.0858425730904,-21.1276232714253,-18.1835005050031
"250",-25.422587907179,-27.1688268604884,-23.2399255835343
"251",-13.5455593257724,-10.9708043858455,-12.9666178669547
"252",-11.5411659815786,-11.5684124926811,-13.3787835894955
"253",-8.22811627044155,-10.1111548324578,-10.1559902999356
"254",-19.0480494794179,-19.7926043615814,-15.6846157997695
"255",-29.1020242940797,-30.7787702676548,-17.8095939136356
"256",-5.10160645679192,-5.62105893171816,-6.8146849840538
"257",-7.75891871628937,-6.32753391375345,-7.25980289222737
"258",-10.2146205484523,-11.1400871723876,-9.41619820904216
"259",-22.2438205252787,-18.0860453839572,-19.8845927997055
"260",-22.1596776727468,-21.2136115312491,-19.4138040767286
"261",-8.51771774874303,-8.27979846853335,-10.1095313445581
"262",-15.4861858037203,-15.3694681443487,-11.4704998097108
"263",-7.79774958852266,-9.72971100606627,-5.77430637136088
"264",-16.9313076947291,-18.6591321045517,-5.88604972251315
"265",-24.7330537239234,-21.816112803536,-18.1931908345905
"266",-6.48196476773769,-7.71468961007468,-9.63676041211566
"267",-20.3472994228245,-22.3442401881121,-7.13008958464369
"268",-18.0075619620644,-19.0247168040607,-11.8045312463471
"269",-11.407273290544,-12.2735980103375,-13.5754157980832
"270",-21.4662782255781,-23.3536184793147,-20.5029652870313
"271",-15.2349939207066,-14.3122253110267,-13.6343093768088
"272",-7.59630121389372,-9.52608063049629,-9.35849436656007
"273",-39.2862729352317,-40.4293655430257,-23.0097712313659
"274",-11.9772318257795,-11.9266888569187,-8.29953988336854
"275",-19.3221432916766,-20.043972702623,-11.4128037735094
"276",-13.5405937140278,-14.5415397571042,-12.1605628499366
"277",-12.8233491886222,-14.1378122286349,-13.0142456002105
"278",-23.429351848083,-17.2651034122561,-16.6042347339827
"279",-14.6027630661324,-14.9191681446679,-7.87356592382522
"280",-38.0559112808948,-25.9833465718006,-27.3514903766576
"281",-7.58639833256937,-8.88436714476642,-3.32274263769923
"282",-3.52006633408588,-1.84699364041875,-1.23171417780358
"283",-10.0721472587614,-10.4006931487577,-0.689809129467362
"284",-10.9288916711772,-12.4549644609299,-11.9024628655023
"285",-36.0733987482738,-34.3260897309424,-36.3260896263632
"286",-16.1574422794897,-16.443895852566,-15.9271134320684
"287",-3.6251804823677,-5.42999977318924,-4.35895316872695
"288",-23.4958577063715,-25.3135415660276,-24.2163276805597
"289",-3.24030998856236,-5.23973007639279,0.430318231373162
"290",-13.7391286381131,-13.9076237635916,-11.0751596027633
"291",-22.3816435213349,-24.2999846660891,-24.5123721493653
"292",-8.7049427467619,-5.7191044960786,-6.78057144417357
"293",-26.5813620805776,-27.6123910786389,-21.7568965754713
"294",-36.2632759200641,-36.3247201986241,-27.9392350970887
"295",-24.342300432315,-25.1781279784616,-25.9650174812899
"296",-3.39081634376497,-3.99964518537331,-4.03449247653386
"297",-16.0991814749939,-18.0946510351954,-12.6840728341993
"298",-5.11776277301283,-6.28525565078314,-4.14770159160147
"299",-24.6591844706069,-18.6572138005597,-19.6586406606049
"300",-12.8338928199984,-14.6645309155482,-13.7063096321241
"301",-10.1828793122386,-10.8900976602624,-9.90448552302927
"302",-20.2690811191407,-21.8798455525024,-16.5124557797656
"303",-11.3365940155567,-11.7486723257232,-10.5952539800243
"304",-25.3166756822671,-24.0769204391923,-20.7472879118083
"305",-14.1100461557602,-11.6228810144434,-13.3394965112937
"306",-7.71757093122966,-3.73557949775532,-4.28295849639447
"307",-25.9981524852936,-27.2959047249848,-26.1570878833606
"308",-6.86025486449995,-8.71861190042527,-8.87533635095274
"309",-15.7896394324141,-17.2422182145084,-17.1075297576325
"310",-9.9916332042466,-10.266068607498,-10.3051008684506
"311",-15.8229829371525,-16.6027780487911,-15.8510696679803
"312",-8.47473115372886,-8.69685878020217,-7.94959748102109
"313",-20.101531135597,-20.8160127257305,-21.7395216100323
"314",-2.56534434074443,-3.13897269386392,-3.4165657681151
"315",-50.6692422100714,-52.5081538462797,-54.4267212024168
"316",-8.65568788075733,-9.71482254286147,-5.4370363139287
"317",-0.745731530342335,-1.86848309862983,-1.59532583904278
"318",-23.2546955187771,-21.4011047362888,-12.4878304363763
"319",-42.0197467665241,-43.5595408111817,-43.5880209873338
"320",-1.03692190148744,0.885293040102908,4.42614202116475
"321",-10.0903408942542,-11.466901762384,-10.153167783661
"322",-7.31679321314993,-5.74153001525347,-7.72975326196613
"323",-8.85178838882942,-9.84789455217747,-8.48862173266331
"324",1.64089760633845,0.0485979994830492,2.46229573418695
"325",6.74044022742868,5.46576225607055,5.20979199558179
"326",-10.0659513477102,-11.9161824006772,-9.94505684877806
"327",-17.4298110232163,-16.6793317797744,-18.1175738994665
"328",-24.9236420276344,-26.8749668415923,-17.8679065477307
"329",-11.3415076800873,-10.7840855492424,-0.756610074601524
"330",-24.1060435561392,-25.7801227331542,-17.6595513957876
"331",-7.47127329236085,-9.42218503344805,-3.24406653613047
"332",-7.86243319978949,-9.05313191823928,-5.52070574810358
"333",-31.266599585627,-33.1971967681423,-27.0357272640368
"334",-12.6807214951035,-14.03303023032,-15.3282536755675
"335",-1.55147745221261,-3.54141147495591,-3.70247471000858
"336",-13.2830718840857,-13.2107566030552,-13.7828694024803
"337",-17.4209308118812,-19.3349557055894,-11.7714238472996
"338",-16.688506516551,-16.8788256498693,-11.5010567042967
"339",-25.8307850625113,-27.8016766041318,-23.2432402043782
"340",-23.253126818529,-24.5644349194151,-21.1265035804794
"341",-9.75557244136541,-11.7145877029046,-10.8406396340855
"342",-19.2754422226496,-21.239825715606,-12.1723675456272
"343",-8.31962823220136,-9.98259752213148,-9.17105063078549
"344",-16.5903039339183,-18.4406249024922,-10.9716218134042
"345",-15.8506192972757,-17.7248679457348,-8.05125675884329
"346",-18.8483253765612,-20.7025054029253,-15.3717193275759
"347",-17.9887034870162,-19.8832210846757,-21.1209751682556
"348",-7.11083542225272,-3.82755838339393,-5.54431348320405
"349",-3.02538964948127,-3.93263626954528,-5.82743462127344
"350",-12.7852178106348,-13.7910100727192,-13.6196984345692
"351",-5.61894391545922,-6.10341626557125,-6.91661320646464
"352",-22.6184422203864,-23.7580246493638,-16.9488669274044
"353",-14.1805570801663,-15.7381108586161,-16.1636879822507
"354",-20.8252415423367,-22.7639695125408,-17.7524129728634
"355",-5.01144074983972,-6.0509425165296,-7.99538112260298
"356",-6.50270132441757,-8.45617247938735,-6.01700008681428
"357",-31.9264082722201,-30.0143316525708,-31.7071257963621
"358",-5.31515945811937,-7.15603083565572,-2.93210123762133
"359",-7.95275372938394,-9.94291024219459,-3.4563020699728
"360",-9.39309749095014,-9.93882527254852,-9.22628044553329
"361",-14.8945624900508,-11.9556153832697,-8.48638528591271
"362",-9.27658442983219,-11.130497726702,-6.59820230864484
"363",-14.8198665161468,-16.7892015000469,-14.1658341532085
"364",-19.6153837894464,-20.998619901907,-22.1625793941932
"365",-1.7531616843896,-2.22251766854562,-2.41854874571968
"366",-5.14762480119878,-5.31809222988103,-5.71989485615665
"367",-4.02012664832643,-3.92542164021017,-4.29918235810248
"368",-26.608555204718,-26.8584372926552,-25.7727128401975
"369",-25.572689636179,-27.553079615253,-20.3382526489337
"370",-20.638336004807,-17.214989431429,-19.2132226909577
"371",-12.3631990205565,-12.9271518098337,-4.61135128150202
"372",-9.17188049296434,-9.83570332845588,-7.12957457365371
"373",-14.8912672815043,-12.0607862471466,-13.996800944117
"374",-3.9330103152453,-5.93300718767035,-7.39665239220916
"375",-31.5986351814526,-28.6143276874989,-29.4720365091252
"376",-34.0639852031435,-35.5253364438175,-34.3974615725445
"377",-10.4334568506802,-7.74583533047994,-8.71332789406503
"378",-22.5971812126884,-23.9361007034842,-21.1920214095402
"379",-5.52788053698012,-7.46174252121195,0.0679993614173497
"380",-13.3021499252508,-15.1936614130684,-14.2374279260583
"381",-25.6103187558237,-26.8143972364849,-15.4645399925963
"382",-19.4398520441155,-18.1130122624973,-18.0467325937234
"383",-6.61850592314441,-7.93433318092363,-7.21907998206331
"384",-30.9327607563924,-30.7855819616016,-24.4175907578308
"385",-20.5171583243415,-21.9539773137571,-19.5376887082876
"386",-9.47249762019684,-10.4671669413162,-11.1435509276966
"387",-14.5339044020267,-16.5150920896778,-14.802108710655
"388",-24.0644863454716,-25.8609836814068,-15.2203178972444
"389",-34.5546481677724,-31.6565516752,-22.4624781148322
"390",-4.86652405168286,-4.24061522417299,-5.78177130414838
"391",-19.8275877052774,-15.9931878736822,-12.4453083256631
"392",-14.0150782299037,-14.53962578845,-10.0971448425995
"393",-20.3861882261127,-22.2728400443411,-24.0283850440803
"394",-12.6210888844326,-12.9347228054873,-13.2894684348383
"395",-12.3639428469841,-12.8544199114183,-7.58404114006145
"396",-22.369755061409,-20.6864905213405,-12.5496045843981
"397",-19.2155054301741,-13.4909290798595,-15.4844199105522
"398",-16.3662163214393,-6.92719933049094,-8.8125876252586
"399",0.564743636439957,-0.599694026223457,1.19822970533167
"400",-18.1911311945653,-18.5901201762094,-18.9538929244781
"401",-16.537034500683,-18.183581149469,-11.0748263627995
"402",-21.6271774388964,-19.815803956404,-21.1964359789375
"403",-33.7444954939035,-34.956509640896,-30.2588646428627
"404",-14.8851404111114,-15.4692753602074,-4.21510766378134
"405",-12.9670835875137,-11.1254732778196,-10.8902760144996
"406",-20.9860890884622,-20.6815616420748,-18.3218992623762
"407",-25.8953527883894,-25.9679615720313,-22.4833499639001
"408",-11.5908417819394,-12.8308009225545,-9.15255990203301
"409",-9.330373252389,-11.2329842605964,-12.5425333508908
"410",-19.388081013791,-21.0131992905655,-16.7168318047543
"411",-18.4555767435866,-18.9651842347994,-14.3935388130809
"412",-25.0104709656166,-27.0078615352814,-16.2892447989043
"413",-13.167167833849,-14.3716835457174,-15.4500670384558
"414",-5.84468103469462,-7.05286602587993,-4.70944409683305
"415",-21.5226048920563,-22.9830784101746,-20.5159501057667
"416",-2.0734802388838,-3.87772590224672,0.873841036757613
"417",0.752003045187937,-0.663104573523993,4.46360963445903
"418",-23.1085914499894,-22.5909295512504,-21.145463949198
"419",-0.669170164148369,-1.71052243270679,-2.97612144601649
"420",-23.0950120234022,-25.0691544129345,-23.6651299440572
"421",-21.3895242113451,-21.9093974126761,-15.0377780027823
"422",-4.09164848253255,-4.47636671661123,-4.91516091717924
"423",-9.79720304426027,-11.59735797959,-5.61126648240228
"424",-28.6969128602841,-30.6185458373909,-24.7177615121646
"425",-19.8748810712659,-18.3415670037524,-17.6575143126778
"426",-22.2718587875358,-13.9016045232535,-14.7215074764235
"427",-16.134983635095,-17.9456446676825,-14.3440857480506
"428",-14.0721840298001,-16.0364487193126,-8.80236557453162
"429",-12.7081185583591,-14.1768644115651,-4.96835401204506
"430",3.20005786459566,4.5110153192967,5.25381824307101
"431",-7.99590239046425,-7.81214227877438,-8.18571719724447
"432",-17.1826868645841,-19.1254502368567,-11.1627725948614
"433",-9.70779105446177,-11.7070944396892,-9.97628500319494
"434",-2.68658555477711,-4.67986356472118,-1.29080856790819
"435",-17.689702955768,-17.6342594656657,-13.9496977739068
"436",-30.2688697491098,-32.1953711184627,-29.7691598473286
"437",-20.4404676873718,-22.3283877698843,-13.3859981828508
"438",-8.87990319327191,-10.0142387775594,-6.00619514537265
"439",-23.0005844861358,-22.747939990516,-24.6049062168941
"440",-21.7192828594905,-22.6830516757563,-23.239267949181
"441",-7.92168977536121,-8.98834881248865,-9.89071117612167
"442",-13.4030674421361,-14.0269722304487,-13.8746521111129
"443",-18.692606452341,-20.5659227546021,-19.7492879992604
"444",-9.75523751827993,-11.5035747886621,-8.53549772210023
"445",0.958225331497164,2.03284680664095,4.34365301836335
"446",-8.14823836331729,-9.17225078032315,-10.7794507251071
"447",-18.0584399190277,-20.0323749873586,-16.921406198358
"448",-33.5382602958408,-29.2119776661009,-29.1545276625319
"449",-26.8340160589149,-27.8915192904701,-25.3168476995772
"450",-8.7249854419672,-10.695774666425,2.99019924770137
"451",-27.6966765506119,-21.924279350531,-23.0665042964328
"452",5.76814561659491,5.72247580432135,7.26876028661063
"453",-19.0343600176292,-20.0012143365154,-14.9650600197352
"454",-9.00741444125702,-7.75465135858929,-9.66087725465666
"455",-12.7525521828775,-14.2893572660348,-6.74777532017815
"456",-10.3617264561555,-12.0950840391185,-12.258333028116
"457",-4.43978607764305,-5.39816232205921,-6.88625162344683
"458",-13.4896518407536,-15.4725909771657,-16.3760773922472
"459",-22.5091510589032,-18.7086087404091,-16.2480983220928
"460",-16.0238801272135,-16.8628420354674,-8.84350075384032
"461",-18.0563378217889,-19.8416529005219,-10.8911949857859
"462",-14.9245024048464,-16.7161400775593,-14.0580997665039
"463",-20.0862595555997,-19.0201167262316,-16.5687159600094
"464",-12.6864263686584,-14.4157922910177,-5.13023067560654
"465",-13.5865525890749,-14.1500815356964,-15.4266333036963
"466",-22.2988291446122,-24.1545843872871,-24.0560408698017
"467",-3.55231420010569,-4.50288722840018,-5.23538544850989
"468",-4.88671334240755,-5.44882852783808,-6.21636857481615
"469",-12.9168142077234,-13.7648055527645,-15.0228237909878
"470",-28.5402518077489,-30.0129616565927,-20.2378080599136
"471",-21.8991936671252,-19.7500375489938,-16.8540151180111
"472",-16.5875625578747,-18.5635223664323,-16.4326084830427
"473",-16.8308446913314,-18.6702957908735,-18.7636763968078
"474",-22.1782604368224,-23.6896183113753,-9.20868274649841
"475",-13.5103521550224,-14.7183674501346,-12.1197601366055
"476",0.686565880141623,-0.893399934819008,-1.55734809767226
"477",-2.14511569651815,-1.33369001100582,-1.88315527853882
"478",-12.5670307459065,-14.2625241405367,-16.2288815342636
"479",-15.9604899253897,-17.6460588327266,-17.5859887249824
"480",-24.2395327224952,-26.2380890422852,-16.8543699681215
"481",-8.98624842432431,-10.5895239681973,-9.01172892484778
"482",-14.9146433369327,-16.7689184844345,-17.7052141343082
"483",-3.18238434357936,-1.05205334461297,-1.63374652645003
"484",-24.470359751441,-24.3600799185637,-20.992583843628
"485",-17.5355324572682,-18.2285971281624,-13.5827758731162
"486",-17.2085558489395,-19.2017846182379,-14.2203185266084
"487",-18.6535872599676,-20.5936203659164,-20.2592546956592
"488",-15.4699837779026,-17.2876931412161,-11.6913130459684
"489",-23.8081529730812,-25.8032437709611,-19.6081699196797
"490",-5.68417433530729,-4.78403274448801,-3.41180374972569
"491",-13.0519616723877,-13.5008254097638,-15.1482850292532
"492",-27.6226347104246,-29.6217957353932,-21.4925068330871
"493",-11.6950669992795,-13.3498773365554,-4.30494510367075
"494",-3.28211806649172,-5.19636314921968,-0.0436307880642444
"495",-31.7424137806716,-33.412725759998,-23.4502617150047
"496",-18.6015525881079,-20.2722133867376,-21.47904828768
"497",-9.96073453124097,-11.5737242851838,-10.7811200835817
"498",-25.6971766614174,-25.0551841683897,-21.1951687369713
"499",0.834707422479624,-1.14349445442356,0.540420031416897
"500",-0.431070461794437,-2.33511121455369,-0.858577397025889
"501",-11.0193332349187,-13.0184916609099,-9.9834303709754
"502",0.834590026542903,2.95966153870685,2.43672364040975
"503",-21.7212864997894,-23.3063177009428,-23.1244712767743
"504",-3.1036948632167,-4.44807675814091,-2.63872014455604
"505",-10.0557292466637,-12.0345792385569,-12.488258864356
"506",-14.1391672414554,-14.0049182013423,-1.42967475026556
"507",-1.13181686401596,-3.09914736593823,-1.62484240417353
"508",-5.90045596753494,-4.98755740321989,-6.95594290256808
"509",-29.6427216560619,-31.6282447492118,-30.0433308497892
"510",-17.6232210813288,-19.3365381099613,-18.7761561241102
"511",-6.22018189779962,-4.28876877359652,-5.86984577056403
"512",-30.0806645962338,-24.6244554402363,-25.5674970588525
"513",-5.49526308630628,-7.48344686608932,-4.18797795601159
"514",-20.1869569545892,-21.7824526961326,-21.6932469325721
"515",-14.7196332658582,-15.3199920975534,-16.4329520786798
"516",-25.5639964117232,-23.9692610077248,-25.8588614967847
"517",-30.1820890627035,-32.0498133094874,-23.7534418071153
"518",-20.5695160604464,-22.3827922720205,-12.3073389942179
"519",-23.1449317077156,-25.0755596192334,-26.6571775966627
"520",-21.1823166585008,-22.6246543873139,-14.7113564814595
"521",-21.1564861100677,-22.2217790269009,-17.9162069177249
"522",-26.8118732624523,-28.7317860846241,-29.4612515975188
"523",-14.9705311310793,-15.0012297972631,-11.7064808390265
"524",-14.259006492343,-13.3921220830213,-9.42301702797022
"525",-26.5804590613729,-28.5793052343558,-30.1125631520955
"526",-10.6291498770747,-12.6270585150612,-9.94275763103724
"527",-9.80455311039681,-11.442817928763,-6.17258152092903
"528",-26.6780183482444,-19.9544455126657,-21.9528542023037
"529",-12.4456338255297,-13.5835839110532,-15.5669121101503
"530",-12.7772025176528,-14.3240257127646,-12.1700480568736
"531",-14.6710562211117,-15.8441528192801,-17.6794262737312
"532",-9.89013284983528,-11.1038837116147,-11.1195130058304
"533",-28.5028437984211,-27.7437230439708,-27.6628620394772
"534",-17.8947761085113,-18.507874668547,-13.8749235734708
"535",-5.2733350509514,-6.08645421012502,-6.29261196091857
"536",-8.46714821813433,-8.79622086353325,-2.5760912914678
"537",-11.1290004806191,-12.5297570287707,-10.9091692859981
"538",-19.3367990754925,-20.7436595448476,-16.1922356347652
"539",-17.9042958854491,-19.0176121945212,-13.8663376043996
"540",-21.5054122932964,-23.1681593940162,-18.198791239522
"541",-6.17537628398582,-6.34286339079855,-0.152907410563972
"542",-30.7974333608968,-32.1505762940758,-34.0863643832646
"543",-3.10931143447231,-3.41731047670917,-3.74288057412145
"544",-19.4302990097993,-21.2716833588456,-22.7715852612516
"545",-6.26515927734217,-7.37477527136319,-8.85370480787731
"546",-19.7588779497008,-21.6885180077762,-22.2901128095441
"547",-15.2368400038312,-17.0624815227358,-16.320058920126
"548",-19.3748600684572,-21.2739229477118,-19.1926117010771
"549",-5.43933577127657,-5.65169389770324,-5.45739788408104
"550",-3.41652316657445,-5.20086534571442,-0.127563158652523
"551",-8.77080191412814,-9.43653589424581,-8.5719546437142
"552",-17.0699491268983,-16.8564733855947,-15.6108679911297
"553",-9.40085038414377,-11.3634437814777,-5.25079086328825
"554",-34.2323737542827,-31.4079998784054,-32.447743432125
"555",-19.9575820921097,-16.6310199737013,-17.7028854171439
"556",-10.5097379055582,-6.84436129032453,-6.63135802365833
"557",-38.3110274131889,-40.0687034731139,-37.789469010108
"558",-14.6273492211304,-13.7044197166485,-13.837461402628
"559",-17.1557696591472,-19.1314960213146,-8.97411320978796
"560",-4.96727136014664,-6.7559318211759,-7.0649402864859
"561",-41.0186575454978,-36.4599962796352,-28.5500217350824
"562",-6.42735594212089,-0.934703451666264,-2.9324960127426
"563",-15.8514138485672,-17.2896383572081,-19.0310802000943
"564",-35.6472375417354,-35.1837578882461,-36.7209722008171
"565",-5.96210622764081,-7.00735087912,-4.40751114142437
"566",-10.604207746043,-12.0929845862475,-12.0384244702166
"567",-20.6216189824078,-21.111290465277,-17.6786713411725
"568",-19.3762275044424,-20.9081756840577,-15.5428074706732
"569",-19.0705321340122,-20.7568899599921,-17.5803169108979
"570",-34.7377978868329,-21.6118936992371,-22.885234558789
"571",-9.87028230441382,-11.2547415690151,-9.33822174530206
"572",-21.3192241807909,-13.3491072278343,-14.3076667519858
"573",-23.6654930782678,-20.2599610797542,-20.9199985774257
"574",-19.657982542483,-20.0230099851447,-18.5830029937622
"575",-14.5299990886115,-12.3436291664068,-14.0336121931216
"576",-20.7602977109355,-22.6001763705214,-18.2613145042778
"577",-14.1395116520592,-15.4518969245999,-16.0138263909237
"578",-7.6024837321446,-9.53640900581966,-9.7368022251475
"579",-3.19154276302952,-4.0427778573821,-4.26357606322517
"580",-24.3172114336674,-26.1300568782505,-22.9859204959043
"581",-25.382618576399,-26.6274599259974,-27.3889525355238
"582",-8.77533330195863,-9.18692399063803,-8.39709221583713
"583",-26.4856472636401,-28.159220663119,-25.0417677831758
"584",-4.38476134042012,-3.9041204772819,-3.07900033678463
"585",-15.2666895839941,-17.0846290091951,-13.5841833114852
"586",-24.109282855353,-25.3937136242945,-22.3755224525745
"587",-11.7334955160832,-13.6910579674159,-15.6843735164252
"588",-28.338794580289,-29.8597601807015,-25.7883447932691
"589",-11.230278727388,-6.60820671208659,-8.47614906269552
"590",-21.2545118249291,-22.9148225094764,-18.0585465290988
"591",-10.2604708480452,-9.46177690792089,-11.3864908793721
"592",1.38384730528091,2.29485527315238,0.342859243096813
"593",1.65504855004092,0.634112050745579,0.0535917491471105
"594",-16.9526296064343,-18.461145923095,-11.2894922782428
"595",-36.17513142853,-38.0651123647194,-39.0713243906434
"596",-14.3047277111326,-16.2971228691901,-9.74884958654935
"597",-11.5764333373439,-13.2136504545158,-8.00043036431026
"598",-6.61864760356901,-8.22323602816114,-8.43785217238546
"599",-18.4845470259927,-19.5064160143384,-8.43993596348253
"600",-10.6416957793402,-6.71025545805143,-7.2192930710978
"601",-6.50388268745894,-8.46093720051004,-5.62443169849977
"602",-9.21725471150357,-7.38084720380172,-9.22960186210971
"603",-23.4734029681431,-25.4435809756058,-23.1384944402154
"604",-8.98309178642128,-9.38600274436375,-6.1719471161956
"605",-11.7854353469984,-13.779036613641,-9.6706631149124
"606",-6.59186961538065,-4.84722845968344,1.70613568092811
"607",-12.3974600987333,-12.9103786400654,-10.3896512471795
"608",-31.6989256242151,-31.5923096839625,-32.4916771308981
"609",-6.71955808594418,-8.53448452488403,-3.44070464449225
"610",-23.4293251555953,-23.2702183484579,-17.3008844393846
"611",-35.1630731178952,-36.8821718353583,-28.1340245515888
"612",-1.74295694429372,-0.458897566883261,1.23073281808626
"613",-15.3542357234018,-14.0989048692703,-14.0127629468472
"614",-3.5519191875037,-1.54553527546601,-3.54442696869547
"615",-18.1638406506617,-20.1618977201666,-18.6947753716223
"616",-21.8855473727159,-23.5839917791937,-18.3155618208704
"617",-9.93906266672177,-11.0886423591119,-8.3880395106121
"618",-29.3049095152061,-30.4544507204364,-29.8603761171103
"619",-15.4684723152575,-17.4177184763706,-18.2411581749171
"620",-11.2319631221239,-12.9789912768301,-14.976697066425
"621",-13.7359997320908,-14.9100085135542,-10.8210760567511
"622",-5.92304944164328,-6.44929939984711,-4.32354489774043
"623",-18.872553734281,-13.487712829266,-13.9442742232693
"624",-28.5341279088301,-30.2976262071458,-27.3446797026531
"625",-20.2015711434106,-21.8265146770147,-17.1599639675212
"626",-6.76286439051248,-8.38284614001491,-5.38784373166509
"627",-8.86022839660967,-6.02428676166042,-6.46695562066477
"628",-11.5241155582081,-11.5841425203805,-11.6125929694181
"629",-11.9011763112672,-12.0849781889531,-12.5414376960311
"630",-5.55429519522617,-7.52087878282306,-3.01728928522787
"631",-10.3456886224906,-11.2798426831773,-11.4546308141162
"632",-15.5845100865455,-13.4137987716775,-13.1807143364702
"633",-19.3973467147387,-20.6924722334491,-15.3087505511648
"634",-11.7293480117712,-10.9002746594605,-9.76644895852675
"635",-10.582274764215,-12.5656588393805,-4.54710901926451
"636",-20.9563760501836,-21.9956395446791,-15.604320954966
"637",-20.4404145237764,-20.2473697890962,-19.0607145573206
"638",-22.7149030101351,-24.1946668125879,-24.2327146208244
"639",-7.24060682477848,-8.33114617523419,-10.3174171684685
"640",-21.0609760133183,-22.536897851629,-22.329371347363
"641",-21.1606358563979,-21.1077594805017,-13.5494684002258
"642",-8.91234274190664,-9.45677146425524,-11.0518162999924
"643",-29.8044481475692,-24.3579826098724,-19.402017293896
"644",-20.7048686580333,-19.9265551025624,-21.2460893785361
"645",-3.1355239625875,0.164053361129285,-1.77475749397433
"646",-19.6284661548581,-20.5009039092679,-18.0921481506855
"647",-13.1904731340461,-15.1014521070499,-10.2886900093643
"648",-3.57226391606877,-4.7577586436739,-6.74960798965649
"649",-20.5850561070776,-22.12940701429,-15.2824581293469
"650",-38.5154495382169,-35.7555812446575,-36.918320768886
"651",-2.50922695311816,-2.96845007487573,-2.45336659997919
"652",-20.8113923234004,-16.9582326248419,-12.9168602016123
"653",-9.56305775366324,-11.0353081265211,-7.88030016986458
"654",-31.8861946289495,-33.3731312233114,-32.3447542641021
"655",-5.23641825046075,-3.56901262855297,-2.62683366473589
"656",-23.3558396490115,-24.7746965546536,-23.9409660395859
"657",-4.66795687125593,-4.89294551746294,-0.462528410919826
"658",-11.586223241182,-13.5481609911122,-5.75598046560443
"659",-15.8875467859718,-17.7657305369893,-12.3872378107157
"660",-19.6383210675974,-20.9220953828685,-14.2220085541693
"661",-9.73996934994879,-11.6212062220476,-9.98711274939634
"662",-6.71547652952517,-8.64903977083744,-9.2885717919811
"663",-19.6768016696716,-19.8865311823928,-21.8847941639379
"664",-6.79297146158261,-8.27955418660807,-3.37473647137437
"665",-12.9555687850442,-12.8598358254126,-12.5250472279644
"666",-12.0467892624529,-10.1029964031146,-10.9066961105489
"667",-21.1879897647431,-22.3069873707892,-19.2035070136124
"668",-19.0692938404374,-18.8520806139179,-20.798611375607
"669",-12.0195296829445,-12.9273047481311,-12.4606978011575
"670",-7.46641548129577,-7.96295084048725,-9.95921582442525
"671",-17.4964199691505,-19.0438639712839,-11.686193827105
"672",-17.6034577551251,-14.615684702668,-12.6454792810531
"673",-22.040248848641,-23.666368467311,-22.9470851512841
"674",-17.336348940904,-19.1500334178188,-20.2376545875915
"675",-19.2677180788536,-20.8838231260661,-17.5528504025879
"676",-19.8649479268359,-21.4516792666676,-22.9435706378829
"677",-27.4458783549874,-28.3125789794386,-30.3112045661318
"678",-11.8931044271466,-13.1177671786109,-10.7932378117691
"679",-5.24057097567445,-1.11083303168941,-2.60004343061775
"680",-13.1163875486323,-11.7884319764975,-10.6899477161084
"681",-14.867123258576,-16.8427590552861,-12.0447750879626
"682",-23.0626575323137,-20.4516766569984,-13.6726989517643
"683",2.10125223097234,3.60224232633606,2.50906738064164
"684",-25.3999702838505,-27.2549498171307,-25.5880379746174
"685",-20.0804752266099,-21.7927684094413,-11.0032100803737
"686",-12.6835566589347,-13.9632383601142,-7.90770381559437
"687",0.531552983703907,0.00241817221820106,0.341448950997254
"688",-22.5467364784711,-21.5155869634093,-14.3412942290574
"689",-20.3055406300695,-21.7132760567037,-10.4616931260737
"690",-15.4884576459038,-11.7625906995857,-12.1984237902005
"691",-14.3682363272019,-15.0279393771996,-9.45233621936237
"692",-13.8571637095075,-15.8549388651662,-12.2789685783854
"693",-23.4187250363392,-24.9800315498527,-23.9760450516361
"694",-6.68245093340719,-1.28901868263626,1.84214101025025
"695",-17.106773491191,-18.0754919586878,-12.6420515858167
"696",-26.7533959591549,-23.8063310398427,-22.0396188282973
"697",-14.3050883277675,-15.6151822218965,-12.6371805887609
"698",-8.82765173113639,-4.85038561484023,-2.82421118556708
"699",-13.4766547217566,-13.5266972933295,-15.3882952531941
"700",-20.8417838972085,-16.1806137125851,-15.907908608425
"701",-13.907160692838,-12.5095668673844,-10.8186750681565
"702",-25.1788308869093,-23.6904261230082,-24.8553026777066
"703",-27.6051621907357,-26.5191101149693,-28.4032590979224
"704",-3.61257769362612,-5.57575265226137,-4.28074784718055
"705",-12.3058558770293,-7.56063466444892,-4.21012742285477
"706",4.64958651645608,2.69193353720783,4.97420701619786
"707",-9.46178540263664,-11.2637332063753,-6.0682330479993
"708",-37.8291365918115,-37.3472620791839,-36.2325532411904
"709",-8.19311096590684,-10.1641257881982,-1.74823922811502
"710",-36.6197772512625,-36.6385455734606,-38.5159018626371
"711",-10.5569085874,-8.81953568534465,-3.38937130400777
"712",-21.6520935379,-19.1364626593277,-15.4171566376581
"713",-23.5924476976953,-25.5905877352171,-26.09900749058
"714",-14.4899825219182,-16.3511181312537,-16.0772216960232
"715",-20.6477945946587,-18.4368200256509,-10.9869260469062
"716",-21.3870128211971,-22.7912722654818,-23.4625818623812
"717",-22.2949371874632,-21.8653192714244,-12.1800661907534
"718",-34.1836844339409,-36.1755435646973,-37.3303956434623
"719",-10.1867497845208,-8.96397646763997,-9.89739364128841
"720",-8.34700094127777,-7.40183880313321,-2.77492766533921
"721",-19.0247078310653,-18.8934933401824,-13.087715181653
"722",-5.1939083033045,-6.38365532533186,-3.92184865995495
"723",-27.0403092667883,-29.0127773152655,-25.2822931737291
"724",-13.2191892832006,-14.3358705748488,-13.1320199449589
"725",-29.0159677363622,-30.8654878547502,-25.9064866602535
"726",-18.6513737114442,-20.5876833668562,-16.6976402595737
"727",-13.2266698749009,-11.7460811949014,-13.5364052227121
"728",-13.6518626049503,-13.9992488868712,-12.5132999548594
"729",-19.2795105854999,-20.0515852933723,-18.9266944399774
"730",-22.4048167643683,-23.0012171969886,-11.2385294408468
"731",-18.1444080620368,-20.0238682325053,-19.9373256489543
"732",0.368234744572684,-1.27199118325444,-0.244329477345542
"733",-8.04112070650961,-8.3388218772405,-6.31790403615475
"734",2.26145137425222,0.950077220879186,1.03098945562401
"735",-13.0183533754476,-14.8413340107904,-10.1376406797393
"736",-18.5369537811882,-16.7451828770519,-18.4049692028534
"737",-5.80793405077465,-7.64756882621371,-6.06348100315326
"738",-18.881682986112,-18.0316184566717,-17.4318629671449
"739",-19.7307856130112,-21.3619529030068,-18.2117767934876
"740",-10.5714113461534,-10.7358098995723,-11.9049228229508
"741",-4.70849143760503,-3.23375254402535,-5.14024823026454
"742",-19.765556410085,-21.5281894184878,-22.1255989132864
"743",-34.6334771879114,-31.1390639404904,-26.9168921984197
"744",-13.6089771857128,-15.3736953886363,-13.6069816851616
"745",-19.1963856144712,-20.7525077497877,-15.842839535691
"746",-34.9218516044884,-36.9165594361924,-34.3211227855235
"747",-3.98344738489466,-4.59669132341585,-1.98419572762788
"748",-25.6319205586676,-27.5018416573705,-20.8490623834384
"749",3.46154114759954,3.38567413592572,8.65353117450025
"750",-25.179502428848,-26.8513231127536,-25.1543672000549
"751",-11.3731904844617,-13.3726283244145,-13.4311811453502
"752",-17.1454361074419,-18.7292713740988,-6.67327590041146
"753",-20.7336300944497,-22.6654958204699,-18.3085255393654
"754",-14.684831387165,-16.1802431080796,-14.3399418616405
"755",-19.1443018794522,-18.5966345719456,-17.8035878804177
"756",-25.4332065761786,-27.2230623382106,-27.3661532025251
"757",-16.9551136948265,-17.7883727599131,-14.6468866524005
"758",-9.95506291196116,-3.10380898028224,-2.98265271138101
"759",-13.6633709084255,-15.5996250342151,-16.8462624421254
"760",-28.9533600683842,-30.6066205539915,-32.4092783826683
"761",-25.2602227938523,-24.9396786386404,-18.0171471457522
"762",-5.33713594460104,-6.23083649193256,-8.21471149474753
"763",-14.4375562416374,-14.864195814814,-14.2988174122
"764",-5.27769403299014,-5.76829565039457,-7.69256707682915
"765",3.01404214426793,1.95423389773734,1.72221736778464
"766",-28.9975711887397,-25.8938324599851,-17.3086096213951
"767",-13.5260323490761,-11.4936988325606,-13.1484156623921
"768",0.408622538446137,-0.879364292622524,1.48056347761958
"769",-26.2780893227858,-22.4913873576964,-24.3129949246039
"770",-17.5273324606238,-18.6262605135251,-17.8257387209297
"771",-15.1935606248232,-15.9960782632926,-16.5859696308242
"772",-9.36410479954603,-11.1915924275635,-7.70364893626311
"773",-39.3257101449173,-34.2882584652322,-36.2877516430482
"774",-16.7850063995488,-17.2766817265492,-12.7259574731114
"775",-0.897855648488566,-1.32312709041516,-1.32814813874655
"776",-24.5002192834345,-26.4117255729246,-23.601222754539
"777",-22.2587438054509,-18.4592708809008,-20.0042265740697
"778",0.582711205644411,-1.41720390481629,0.0627619557312338
"779",-11.6300714828859,-12.1536311825822,-13.3429761580704
"780",-19.382830680626,-20.4441236328835,-17.6002796586126
"781",-8.4842252816244,-9.43654464666492,-11.3996048913995
"782",-28.5132238867971,-28.4742014339594,-28.0370195587151
"783",-6.10715382080799,-5.63307861176557,-3.17299568484945
"784",-24.7209627224648,-26.6813590588673,-26.7980384933648
"785",-3.33220960475931,-5.31186713860733,-2.72140141767039
"786",-15.9264000319763,-17.8670388372774,-14.247860543714
"787",-19.7922365607494,-16.9251369631639,-18.8022602865667
"788",-2.38608091863156,-4.2061237404516,-3.05348726908373
"789",-0.678230488924784,-0.0536455663151028,-0.143843435185773
"790",-7.49766650498346,-8.71347865713333,-7.19296329203134
"791",-21.7230031760323,-21.656633420767,-21.1741624074289
"792",-21.2485568719634,-19.954374185275,-10.8487632903857
"793",-14.055669670459,-13.8040187958207,-7.93591312224716
"794",-3.97373729048781,-5.96353081346478,-4.5953167247945
"795",-9.75250387104467,-10.889880472861,-11.0415771158555
"796",-25.6174298498828,-26.0559161558973,-14.3653740465003
"797",-34.3990944240972,-36.2165794667197,-33.7081709555851
"798",-4.22877913722803,-5.92816974172268,-3.23625965387583
"799",-14.7094421415234,-16.5363740314954,-16.8123305864719
"800",-12.940933718708,-14.8643470799454,-6.36547736438404
"801",-14.7781425563445,-14.8535395359842,-13.6033215180856
"802",-22.3194684944805,-23.1938192622073,-22.0662852766707
"803",-15.3892646462464,-16.0317427542048,-15.7936712996584
"804",-9.42000639241441,-11.0929430436218,-10.9091432461919
"805",-11.4584391450862,-13.4578082973632,-14.4935837807973
"806",-15.6415222467814,-17.3814276694781,-17.708422658339
"807",-19.7302136186474,-18.9315047771204,-20.8247428322793
"808",-3.66946855599457,4.64714019277722,11.5754719056427
"809",-28.881504309865,-28.1728500032235,-28.198523139598
"810",-24.0653678381305,-24.8611898053809,-24.089517384902
"811",-42.3738898960572,-33.9299788471014,-21.8046297262765
"812",-13.1420115462251,-14.8412304795968,-11.5661867517042
"813",-11.1922294384817,-13.1808397281888,-10.3571887508625
"814",-18.0416071904264,-20.024631380129,-19.1907343962489
"815",-24.5228035207458,-24.3362857887932,-22.535565400783
"816",-16.1738339116099,-16.3454822690578,-15.3289983305334
"817",-14.8892442767809,-16.7697836797158,-16.9708926961657
"818",-11.2208800917179,-13.2205047544159,-13.3867334747968
"819",-15.2008181513903,-15.6367725391349,-11.326011382028
"820",-3.67657603913573,-4.50758975420023,-4.66601558135028
"821",-7.86497804801026,-9.85931150444484,-7.66069434541719
"822",-17.4441133958469,-18.2040587443306,-12.2814521610079
"823",-8.48893829593256,-8.91303677869628,-8.11414239753996
"824",-24.5709332843046,-23.4612421719169,-21.6398878766786
"825",-14.2194296545646,-16.1049915817535,-12.2861372211918
"826",-16.2628951529191,-17.6672007116955,-19.6523309119391
"827",-34.1976680386968,-31.2526790451984,-25.5764711905435
"828",-16.6178718892702,-15.6359592703768,-14.9127972703199
"829",-3.26624221109376,-3.06865937930594,-2.42857764617072
"830",-16.5653523478686,-13.0309146404455,-13.113589024331
"831",-19.6675739314572,-20.4125375700139,-20.8222793863687
"832",-20.6189932954549,-22.609163555945,-12.6604985611735
"833",-9.17289126240035,-9.77463582172938,-11.5148306939614
"834",-29.5777863560932,-31.4243545767581,-21.9897386037389
"835",-6.75768627938049,-4.07514759669794,-1.76583504805239
"836",-27.3803381104536,-28.4256540213919,-24.4550790721933
"837",-23.1079056051622,-20.5263397216109,-22.5258205628997
"838",-21.8226481758365,-23.8226405601163,-23.8841515290917
"839",-18.4132309619065,-18.5929505541782,-20.2108518335859
"840",-16.0066284731158,-12.3018685278436,-9.5647839648176
"841",-19.6480012027205,-21.2862428726535,-23.1739517453572
"842",-7.67645196694655,-9.11288074907024,-4.22634593368839
"843",-8.3778629825342,-10.3744400481368,-10.1968498094359
"844",-33.0694052162558,-33.6379816339521,-35.2046808962964
"845",-11.1928210562287,-12.2971822966099,-9.0684449781881
"846",-16.6662488828014,-18.2924029611384,-13.9262033369215
"847",-17.7692517229075,-19.6601707884745,-13.835577902297
"848",-36.9208587888623,-38.4087528580261,-19.9145890963043
"849",-26.7306194402152,-21.3373270974037,-6.62076277474812
"850",-29.8281589208318,-26.0058985459948,-22.2634871532547
"851",-11.1668292697823,1.90258113294041,-0.083128900906293
"852",-5.79483226884625,-7.29845254785778,-6.7396108739966
"853",-16.5786547316824,-18.464975644269,-17.4245054561366
"854",-13.7165798194025,-14.6943481756557,-12.8182354815686
"855",-11.7077329151614,-13.1727195459483,-12.1598862183914
"856",8.89255737649071,9.35242593929114,7.40149806662649
"857",-4.93169454180896,-3.43152502423693,5.58137540333463
"858",-44.0042044690545,-45.6817984703091,-47.4933616531212
"859",-33.281788849653,-22.2682357501514,-23.8347290010482
"860",-19.0324928590704,-20.5293325790112,-15.6451300660835
"861",-6.2816309826326,-6.20249915397984,-8.09408536441489
"862",-9.30057832492738,-9.62157438725952,-6.54780792858953
"863",-36.2649767867185,-37.3260678552567,-39.3232357349702
"864",-5.05846933988665,-5.7255260106736,-3.84666071172755
"865",-32.6405251323706,-32.9485407811422,-34.8954994217515
"866",-10.469513828941,-12.3080901674573,-10.668451367127
"867",-12.2363778817341,-12.7263129747694,-4.5477155634319
"868",-14.2252444286832,-15.689101447495,-13.5163693115539
"869",-8.89442157663876,-10.5162549770233,-10.3514666992704
"870",-8.52414640220753,-7.11142498311735,-6.06106594402373
"871",-13.7732651748749,-14.0278187477321,-14.029095503318
"872",-20.6159971872004,-22.3061512250016,-9.32966955977159
"873",-14.9549174918083,-7.24343810904602,-6.54210662011227
"874",-3.52463053299242,-4.24387173419906,-1.25270898627383
"875",-18.5249458225534,-18.7970583321636,-5.68912993684656
"876",-29.5944057825804,-30.3022656893295,-32.300769464485
"877",2.30014552924238,0.349185618685152,2.93215624666343
"878",-26.3028871557712,-11.0724465052553,-10.2757121303043
"879",-14.7837102886157,-15.2291588455159,-12.6221161443652
"880",-18.6885795372661,-18.28386838987,-15.0624696787048
"881",-9.59225125432262,-11.1766430425909,-3.37354051993275
"882",-9.92023689758692,-11.5919507944185,-8.29332323794302
"883",-11.3253718623257,-13.2454648950629,-10.0600451932885
"884",-33.8114448988019,-32.8304007146622,-33.111673060612
"885",-11.9297144820545,-13.8204166333811,-11.345330564235
"886",-9.28235910721337,-9.84538279473669,-8.05345899772299
"887",-26.8683980905186,-27.6680975018128,-22.7913609037219
"888",-33.3171021282386,-35.0670991321213,-36.6401320378762
"889",2.24900666385458,0.926123492945202,1.74554479928889
"890",-18.5763842438389,-18.1521589807707,-14.0928279447976
"891",-22.9709831104666,-24.2929174023247,-24.2362632195085
"892",-8.52154994914874,-7.95994720229495,-6.33257379165254
"893",-34.6747688445629,-35.9294731423681,-36.9172897969634
"894",-8.21047394158714,-8.3184326283976,-9.19651997445859
"895",-0.869673970789494,0.0384765639411491,0.13994300365785
"896",-5.43482794648459,-5.72660368144691,-6.86912239722588
"897",-23.2976412804633,-16.2189658508363,-16.4093556096309
"898",-3.93143144467956,-5.20598893559746,-1.49116335305801
"899",-6.40690043994476,-7.65528291530288,-9.62459437760057
"900",-8.48891925501367,-10.092031618673,-7.70622454237312
"901",-10.9976359836228,-10.0664301185494,-6.85429891636855
"902",-7.92462375383007,-9.86432659386974,-1.3528859140202
"903",-8.81872053365248,-5.65819189829231,-7.65459186363463
"904",-27.4024018326351,-27.0990598859359,-28.2708480315825
"905",-17.328903412367,-17.7294101231469,-5.76318962972957
"906",-27.5458268134028,-27.4689760783955,-23.0786684442118
"907",-11.015517053905,-13.0146891162695,-14.2167762509763
"908",-22.6505315028374,-23.9463383695461,-10.2622500573035
"909",-2.77646746010287,-2.39620421241983,-1.23380323127802
"910",-17.578973950685,-18.1782100313231,-16.5641398095397
"911",-4.78924536108882,-6.07945416507386,-2.11726997032678
"912",-19.519812375991,-20.1156622510032,-17.8773266960741
"913",-26.1334673113917,-25.7936411629439,-26.3196044013135
"914",-13.9050449592481,-15.8222049341248,-12.8967738910908
"915",-43.9910247371067,-45.8857808182318,-38.8461965878093
"916",-23.3029495088906,-24.3261469484258,-12.124618666572
"917",-20.9323001386291,-21.0265259457998,-18.1721908506314
"918",-0.594914782438755,-1.03001763077318,-0.444403476804489
"919",-6.92281261788719,-7.82050061563349,-3.59248144847695
"920",-14.1179252016202,-15.0409736982918,-16.7822716739346
"921",-25.4180638465113,-24.5900076426837,-20.9624428211659
"922",-14.1175253619453,-13.6557037756383,-12.8101664002576
"923",-20.047591761527,-20.8678228951082,-15.7494656594441
"924",-24.0679950335653,-25.4525022408903,-23.4578092545855
"925",-7.33309930683201,-5.68711271629729,-6.62105896850235
"926",-4.98324558145955,-6.98272406908139,-1.86343913847033
"927",-19.5147020043724,-19.4829878403924,-15.7239540215146
"928",-1.4273056208158,-1.88849492684336,3.39072518563303
"929",-16.1126268849013,-17.2950282733052,-12.9228766830654
"930",-13.2620795162084,-15.1517076058627,-6.35631583341249
"931",-26.8926919870688,-28.4758801714338,-17.2411411345227
"932",-4.77091723063825,-6.70293896509973,-1.66963742206494
"933",-9.32989997243039,-7.44539044054993,-9.4087494601969
"934",-28.916025564807,-28.51568627408,-21.1309816673009
"935",-13.6521130432466,-14.120930482408,-13.5620931695073
"936",-30.034754441424,-29.9950049467246,-16.8549375689654
"937",-22.2488080381575,-23.6982016328376,-22.8953362189163
"938",-1.93877386056988,-2.25165756610433,-3.33608566446656
"939",-25.6961391791068,-27.6939398879056,-15.8751886771636
"940",9.10651819980453,9.1240088545206,7.64355395815861
"941",-17.3841909204034,-13.9103879740729,-14.6459462404302
"942",-22.4336846504917,-23.9578168070615,-25.8365553310412
"943",-14.6605387699686,-16.4643880979643,-4.24800190559487
"944",-9.75541673562778,-10.1634236964817,-9.93160813941294
"945",-24.5472982867211,-26.282586601204,-23.6558625283969
"946",-19.9785315468376,-20.8146704719498,-21.2998313511508
"947",-1.53509048674859,-3.09984940393709,-3.72744966858276
"948",-10.7196840642518,-11.9742932332728,-12.8518063580418
"949",-4.37310616867774,-6.16222758213316,-5.44514881778655
"950",-17.220290768328,-17.3197686811072,-15.7453196501166
"951",-29.9048840176626,-31.4978391855578,-25.4353185409615
"952",-5.67115833045296,-6.00527899805588,-1.75906805265996
"953",-14.5783876884817,-15.1999003249567,-9.8700992548469
"954",-26.6542711576077,-22.3556500354689,-10.739720097946
"955",-11.0993594747748,-12.1825779855584,-11.2649838093068
"956",-18.4656971191502,-14.2767341750037,-15.832194769758
"957",-34.5897918170813,-36.5794676217121,-37.173638940683
"958",-20.685156515157,-22.6275070793557,-21.2626108532566
"959",-6.28212014133392,-8.23147936036482,-5.96760328871016
"960",-15.2099361095905,-15.5472557536974,-5.89697171246528
"961",-17.0985707526503,-18.7250202842187,-19.3633402628152
"962",-22.1983629736826,-24.1816938011663,-25.7603435405838
"963",-21.0999916080196,-19.2111985822049,-14.1267148079998
"964",-0.868053546979123,-1.88264951961988,-1.40530502891204
"965",-27.013737188397,-28.6326795959597,-29.2416989672451
"966",6.20523408947906,7.42971077553443,6.06612400895751
"967",-14.7430007882761,-15.4728271391135,-17.4630590474316
"968",-11.8852070868534,-13.8278906372459,-10.0212837348008
"969",-3.80144600382938,-2.26996148490944,-1.62706601169132
"970",-19.6689017089299,-20.8804416783362,-10.7481134135358
"971",-10.9080372500913,-12.2242525469484,-13.7031806983753
"972",-7.80210140816525,-9.55942411415461,-6.36964917989812
"973",-14.3392799252358,-15.2585324942503,-11.4343836295856
"974",-8.54216048734574,-10.4124025930907,-11.8531865960766
"975",-23.7194213884157,-24.8251871664142,-25.905107997951
"976",-28.4417829541044,-30.1412274954795,-31.9697368022595
"977",-30.9696295638849,-32.6622011108151,-32.7801870127839
"978",-34.5452108559164,-32.264180647927,-33.9765934855676
"979",-4.55297027020047,-5.8435917551243,-5.59378657565652
"980",-5.72175906437229,-6.09938741702882,-6.71438880100661
"981",-15.1355360443043,-15.9011130231403,-14.6591874154637
"982",-8.92305224581859,-10.4109092228175,-5.02336757777058
"983",-13.993153903923,-14.9409179971108,-14.1924482838002
"984",-11.0116229470853,-12.7610313318679,-9.737347625349
"985",-17.8915593846399,-18.7443386337915,-20.5694437469317
"986",-21.3324734647099,-22.0868164124497,-22.4913046788191
"987",-21.0087415007675,-21.408032986167,-21.3670406431016
"988",-7.38294042996631,-6.48868661726331,-6.37201329884025
"989",-17.8585878794221,-19.837018583667,-20.528269918815
"990",-18.582235008961,-20.0848511661495,-15.3690122592114
"991",-3.59813005566829,-4.17408879359009,-4.40980896703189
"992",-6.54990848477826,-8.28997487405942,-4.87931278292558
"993",-7.47137417700168,-9.43136496300789,-4.59498907799926
"994",2.43903201983069,1.15202810440427,10.2160114842997
"995",-12.1498037290836,-12.9321518235269,-13.8891409029833
"996",-3.50535164285468,-5.0535538876369,-5.68969485360679
"997",-24.7195527759814,-26.628156691463,-8.56300741986667
"998",-6.54107972367848,-7.68934304586427,-9.68577268257616
"999",-17.418264575584,-18.7648079710922,-10.7250174298526
"1000",-14.5820591107939,-15.9447069511086,-16.3757185314805
