"","cost_mnm_interact","cost_mnm_noInteract","main_mnm","mon_mnm","one_mnm"
"1",-21.6873632737131,-22.1025117028744,-23.2481062200374,-7.36429942809632,-9.26826647324237
"2",-27.7152497010708,-24.228544513381,-26.0101772622589,-21.9975416836513,-23.909729649719
"3",-9.22599912313269,-7.63255339557979,-9.59863687636188,-9.60014086389207,-11.4900606824481
"4",-13.8708540530512,-15.0195654334606,-16.1313795667386,-14.1277790410458,-15.8661030752967
"5",-21.2463765569549,-22.104815003825,-23.935333959181,-20.9296995174225,-22.8376935339607
"6",-1.59259053024903,-3.40094655894349,-0.71314067710802,-3.68893752845335,-2.59419643996055
"7",-16.0241617216126,-16.9094933028483,-15.349827838359,-16.6527727102581,-17.1951597823115
"8",-24.322438479799,-20.9022765244747,-19.4893561177662,-20.6691789890539,-21.352847487231
"9",-21.4486771423472,-19.6434661829069,-19.6748411697104,-6.31094281154179,-8.2609426053033
"10",-13.9024223259453,-11.7012022890987,-8.61207251963907,-5.08707796163203,-6.87865734516243
"11",-35.7609172199764,-37.6850428774883,-31.9895016015931,-38.8839656776665,-31.2709004026584
"12",-16.7951409539152,-18.3784127986684,-20.0634972593722,-20.0266189013312,-21.941721308632
"13",-38.0908255100433,-38.1204126529495,-33.60895444762,-38.9521550999967,-34.857393680021
"14",-17.5423514378443,-19.542256736884,-20.8185732725663,-18.3285078428425,-17.8517934690027
"15",-36.9144719327435,-38.5386942592848,-32.2652291174141,-22.5091822433299,-21.5252265114976
"16",-6.87899729185711,-8.80853798671579,-5.02481405178909,-10.3071350865158,-6.8230217973975
"17",-23.3955879902573,-25.346301794465,-23.175359097241,-21.3122672959696,-21.4554128535357
"18",-7.69880417253052,-8.82576337442053,-0.822459830381694,-9.97807252065758,-2.82233595821038
"19",-1.42165048333151,-1.20374574266145,-1.83147015519017,-2.64203262152812,-3.82524798638117
"20",-12.8784908275532,-12.7574250922003,-11.7062555536381,-14.7137212169451,-13.4500198341488
"21",-15.6207030369623,-14.2898188894926,-5.62177159262712,-14.0099086091077,-7.12790651408563
"22",5.2791147476132,3.2832840922748,5.63629484205945,4.77955673398124,4.70017459788017
"23",2.13751094991954,0.91803581881689,0.0715908322797683,-0.987301369616384,-1.7522006715061
"24",-18.120181270686,-19.9382720419055,-12.6068946374199,-18.9974628230901,-14.2369581924246
"25",-10.084717987615,-11.7217194025082,-12.3196473416929,-13.3373090645818,-11.3527731867935
"26",-22.175338877392,-23.4249770416822,-15.6004548549269,-16.7606236711498,-16.4570091791872
"27",-21.3667448344622,-22.6869956759839,-15.5496103064409,-14.2396142881725,-14.187430982085
"28",-9.22192260396027,-11.0093971185387,-9.7145957043105,-11.2818221276143,-11.5820955611326
"29",-17.5304889939438,-19.359560907255,-17.2364133790988,-20.7272680051778,-18.7742291904533
"30",-8.14242290776019,-10.0879352162292,-4.84079310863902,-10.2006533355093,-6.78100595927152
"31",-6.50214493761579,-7.02619297055437,-7.31995479577732,-6.14799602813331,-7.54188848084665
"32",-17.9453276605379,-19.9438336041968,-20.7417101948449,-19.2160958614335,-15.6956983198955
"33",-8.76753212525081,-10.7339600698216,-0.264913780276176,-9.37710613582982,-2.23494560802669
"34",-20.9034062516467,-22.8599835288323,-19.2457637233254,-21.8818795538859,-20.7761232927002
"35",-19.8997873184707,-19.3703361078755,-19.6895857056126,-14.3542066129229,-16.3482364892411
"36",-9.21168839390239,-9.02676924272326,-11.0116533646622,-9.61016201163812,-11.3747386227018
"37",-6.57684685973061,-6.15407611062982,-6.93767293842994,-7.95006627946117,-8.79671315441919
"38",-20.1157157301987,-19.3091965598276,-10.3397604301168,-11.4113318294978,-11.4202217468427
"39",-2.93573320494584,-4.56137079148622,-4.58386514539802,-4.66824517812471,-5.80119960286051
"40",-35.8613536706616,-37.5211311331427,-34.7157876944473,-37.295049451994,-36.4866200782301
"41",-7.24142877968655,-9.18961250434896,-6.71417449690163,-9.75721081654267,-8.69013284727365
"42",-13.9492576258852,-12.8643211593695,-14.6663834702396,-13.5189386618744,-15.1579390783356
"43",-15.3928951099118,-16.532629414729,-15.2142914665634,-17.9868046160291,-16.5626317570015
"44",-18.6892206680643,-20.3219790465165,-11.0806000661635,-14.1153096609788,-12.778132810632
"45",-21.9100162111459,-23.7661214845471,-23.4737584221329,-24.8539065977082,-25.4716835392655
"46",0.460890907018916,-1.36822539655446,1.74560192514882,-0.368931890430481,0.551465188540164
"47",-4.33686862094226,-5.01755739785819,-3.20515176142512,-6.41196923627763,-4.79970786614541
"48",-8.81280499753673,-3.5350167566692,-4.55864859734915,-5.42706912869188,-6.47397434809898
"49",1.9856008410841,2.12944312280294,0.138508640877665,0.329867134932668,-1.57702633189895
"50",-18.1272657318597,-18.005836739232,-18.6817344041949,-19.0092647692423,-20.5291174247751
"51",-13.8837857256422,-14.2884136552027,-13.0104017316219,-15.409781420631,-14.8970475539428
"52",-9.09880510473663,-10.4543351451498,-9.87211563434003,-10.8007338766581,-11.2401014756084
"53",-7.90241943007636,-9.11193939350589,-2.48292048593323,-6.50748428728479,-4.4187758734841
"54",-10.7129945471108,-12.5425482629881,-9.28219733710924,-14.3381703166706,-11.0630246632242
"55",-33.6473313516466,-31.4374105764176,-33.2071986175355,-33.4089718128274,-35.2041045298217
"56",-6.0190540458619,-1.93577199903273,-3.93230720003156,-3.05307731622717,-4.6740525769509
"57",-5.97413179358368,-4.54507405915124,-4.51327989521126,-3.46600258868518,-5.42727279779569
"58",-16.2417463316165,-6.88047954401224,-1.64513920007782,-5.91411327582238,-3.38769987753644
"59",-24.7217148685418,-26.5848227213314,-23.3952663525358,-27.5252936298048,-25.2022365015675
"60",-8.24388282180254,-8.57575514279453,-9.86578737823691,-8.6307542084086,-10.4540249887464
"61",-12.4700603471689,-11.7016312723644,-12.9847664114851,-12.8334273460996,-12.9746062554228
"62",-16.1910625060445,-15.8540363863964,-13.1230516789677,-16.1278458784394,-14.4609824337063
"63",-5.6578672984419,-5.74114515858517,-4.30044331489141,-3.54458629937208,-4.60655120932474
"64",-17.6744231066823,-17.7014522734522,-8.07720255599835,-13.7242325945431,-8.3424815157332
"65",-16.8985346410943,-16.7608384219617,-18.2780864378718,-18.7516435442096,-20.065739878585
"66",-20.5774520209377,-18.8238164462844,-15.8991753481645,-13.687200599203,-14.8005662495524
"67",-3.35133766087772,-4.58425894814072,1.16550349340569,-3.45065586004005,-0.538504021361423
"68",-0.981887930797448,-2.10489176411495,-2.23521606527814,-1.41464294967634,-2.9467520556062
"69",-9.70197503576088,-9.30711099610658,-11.2176683097743,-11.3070880767654,-13.117442920307
"70",-16.9084578750978,-18.1018280103452,-15.757898940127,-20.0152779555831,-15.8289248273811
"71",-9.17228825928545,-11.148722686025,-10.3031152976835,-12.8320916421688,-12.2585024571753
"72",-18.585978149856,-20.1737692056833,-22.1299877734931,-21.8459892531431,-23.2182207204011
"73",-10.7769167306094,-11.4997061732146,-9.78283822713494,-11.8312685101425,-11.4498128578401
"74",-14.1218732206201,-15.0774197021479,-16.1126217003945,-16.882471032175,-18.1125978394026
"75",-21.4566873685418,-22.1282849252158,-22.0152927144037,-23.6244110913648,-23.1151903631524
"76",-4.2608685683346,-5.07001587273693,-5.93480678775221,0.254701765509622,-1.73363142367421
"77",-12.3368274666001,-14.069380834541,-15.845189172833,-14.9272883246334,-16.0024297567987
"78",-24.9773366101593,-26.9447443081827,-19.0530339377285,-25.4762840908595,-21.0476411323856
"79",-8.34114336306685,-9.66900702400037,-4.40027094954717,-1.51570844210587,-1.60686665112473
"80",-19.7185205811922,-14.5691495505612,-14.8462360376217,-14.922600969972,-16.5910158772939
"81",-16.7062705896461,-17.3042751951127,-12.7781043271497,-9.81883660089698,-8.99497755649691
"82",-8.42965388558135,-8.91573665113323,-8.8435590100851,-8.25781586293364,-9.59703994526935
"83",-5.52253822556567,-3.99052995348472,-4.47579616795443,-5.99044475636822,-5.99476503918787
"84",-11.6992875275315,-13.213948796502,-6.71089919614534,-7.65347993234221,-7.11971033894003
"85",-13.1895540889862,-13.7377292390266,-12.4874094015244,-12.5771973186664,-13.3314432901581
"86",-14.491981407006,-14.3323052908787,-10.4646827716874,-10.0977892293278,-10.6619776127943
"87",-14.0221546719115,-15.7708878833236,-17.2202384693907,-13.4653446594446,-15.3461465056931
"88",-26.4343363843764,-26.2983125377781,-25.0362841220062,-28.1900932292645,-26.5807080733094
"89",-26.8504972769147,-28.8225555954794,-21.6684381167916,-23.9709041807312,-20.8171180526002
"90",-8.27636873347407,-9.78982057944783,-8.21400838119328,-7.87993139172078,-8.6064839429706
"91",-2.5997262356972,-2.22208178433821,-2.68629604274161,-3.84832430286287,-4.68627899332037
"92",-28.1762986753589,-28.2256628458508,-19.5830837966043,-26.9795610054809,-20.6448348939006
"93",-15.0018983275006,-16.995256861702,-8.3196587026681,-13.2557144525098,-9.81818238551417
"94",-17.9738069604334,-18.6796241583067,-17.6842642553566,-19.8195142080655,-19.6140242136593
"95",-17.4375105464981,-19.2984854188161,-20.5107881844724,-16.1927955920364,-18.0697584180167
"96",-28.2300517736298,-29.7896660611375,-28.687786635485,-22.9461769293835,-24.5890424944499
"97",-10.3869611360151,-12.3569756087964,-10.2948176139137,-14.2820815221043,-11.235570838552
"98",-7.98049782794934,-7.09149468956022,-7.35776019535491,-8.42629772452779,-9.28626266360618
"99",-18.7141897710015,-20.7101331120992,-22.147365315539,-21.7268437395409,-22.6068758890674
"100",-10.858764650251,-11.354012778292,-11.2694630530556,-13.1359042132187,-13.1941960378383
"101",-12.0295889824258,-13.7233109942157,-8.05745452258636,-11.4694710269465,-9.913846296257
"102",-17.1144305282859,-15.5410208441225,-11.0079582660414,-9.74877501998918,-9.4023477517514
"103",-11.7000877281971,-13.5207107985901,-13.6562336387778,-14.7449569341591,-15.6435376037044
"104",-15.9109832653749,-17.3227237145579,-17.0996343824674,-19.162609687272,-16.46215519208
"105",-17.3793473695417,-16.6894785085388,-15.215983517948,-18.6613140619078,-16.1792274434749
"106",-1.67455310480812,-0.604180181120636,-2.40298063665059,-2.3736496849998,-4.34913977500082
"107",-26.6616765249391,-27.2890173897535,-19.0116096684368,-20.4358148674636,-18.5488867697397
"108",-41.9728574249283,-43.8539758477745,-44.0518475112415,-45.5011203023301,-46.035484872357
"109",-14.9437324555068,-8.62400569033313,-10.622098264708,-9.49674168259113,-11.3346037901115
"110",-18.4261459794533,-19.7110458746254,-12.8829135373384,-9.72535300706204,-8.74196732332038
"111",-26.9777185115873,-27.9142089302759,-14.7864953904009,-17.4769887636227,-15.3519897559346
"112",-8.24692348908628,-9.64641269511995,-8.86447589578179,-9.46056928885153,-10.3474872237639
"113",-21.2504713611901,-23.1130444486186,-17.3442711088989,-17.1663803330222,-15.674657788186
"114",-20.8483239046654,-22.5215211014373,-20.6791803919852,-23.5614025572699,-19.0501221666097
"115",-14.2872183042885,-14.8239541875414,-15.2472525458352,-14.0172690168914,-15.8906253657373
"116",-16.8943215688825,-18.8792873116376,-12.8576118456167,-17.0009136500882,-14.2418329546371
"117",-18.1576234263724,-19.3080235379717,-20.4285488406399,-21.3074737279204,-21.9113411368167
"118",-12.1411769535871,-14.1338329642984,-10.8614538438477,-15.8214148327328,-12.1309679257018
"119",1.25831889646203,-0.499284979038906,-0.921388333434159,-1.23874502233869,-2.71669429027258
"120",-6.17614376225335,-7.19659497507256,-2.54504485136812,-2.8012303125647,-2.69890939892429
"121",-21.6239148973155,-23.107358909007,-15.4914887210951,-24.9519927972848,-17.1811910414924
"122",-0.974942803011567,-1.44170470866809,-2.58988601441476,-3.43033432122616,-4.28918145820736
"123",-19.8952422189888,-21.890278489067,-11.8955568054878,-20.1503774942346,-13.8834623999374
"124",4.38994506873894,2.78065344743646,7.61550536432437,4.58881394790027,5.89427948309544
"125",-14.6407671637465,-16.591968820786,-13.0477721827995,-13.7542888422142,-12.3740118694314
"126",-17.036030201288,-18.6783440985636,-13.4156029002908,-15.7351420276046,-14.4503645865001
"127",-12.1252354421306,-12.2810790114057,-6.65914576388305,0.670766712199569,-0.709871913720555
"128",-14.2523913196134,-15.9727371783464,-7.84762864310072,-13.4494032889619,-9.77079828458286
"129",-9.41960481932945,-5.61872163045514,-6.62034817801785,-6.0277015283983,-7.84871030210356
"130",-12.7108227694035,-11.3953540292935,-11.2949199502299,-7.92268291351697,-9.63913962144779
"131",-9.18898104176589,-11.1553530682387,-8.19643673692789,-12.5414926033995,-9.62389164238191
"132",-1.95890751425578,-3.24935015694809,-3.40514130487069,-5.22159244657358,-4.48468765674611
"133",-20.4568204171112,-21.1450342602454,-18.5333293300837,-19.9075114225001,-20.0039759666034
"134",-25.7075217024533,-25.9324328818595,-27.932425657935,-23.9295611064837,-23.9375105655193
"135",8.38046904793083,6.88519558919097,7.22933910045216,6.64102543216529,5.95290770442827
"136",-11.4714002886743,-11.7499971257697,-12.5295908822126,-12.7823615590804,-14.4177115235497
"137",-32.4902320638667,-33.4080940182856,-31.9162550447656,-33.8384436534156,-33.7912964906511
"138",-19.076828171633,-19.3905370286773,-14.9536836928044,-18.0255802508368,-16.9531273549892
"139",-12.8148047363016,-10.1721590568061,-6.74819711087486,-6.87676768085485,-4.94258430077497
"140",-9.97086162858929,-10.9400436602779,-10.2958889922884,-8.44253684770832,-10.222805399876
"141",-19.3185302907469,-16.6300694342604,-17.8514824756046,-15.292804704719,-17.2834474708664
"142",-11.6577423749217,-13.5113173377454,-8.80580076318333,-13.4678769940555,-10.761872203831
"143",-2.19474490818948,-1.76183989495188,-0.210551336145049,-1.88185368881133,-1.31299269815117
"144",-8.80982416877754,-6.89467207722825,-8.53088000298748,-8.88128592807522,-10.3955429125487
"145",-13.1727190056424,-15.12544310529,-15.7722841929503,-17.1206237076882,-15.885550584916
"146",-8.51344197590559,-5.2979902654574,-7.15386369609463,-7.2964927755294,-9.08300572859497
"147",-12.5599706071186,-14.2400796801245,-13.9614754348375,-15.7458439807873,-15.9422546573672
"148",-8.1041014951075,-10.0699214160591,-9.10703164385355,-11.6124347551154,-8.90143134806864
"149",-7.86790311142738,-7.44574956799301,-7.18491207772731,-5.92828113866245,-7.21132743310994
"150",-1.52419478369009,-3.43562233418107,-3.68732046563926,-5.38292161843281,-5.22331829558184
"151",-25.1850532009309,-26.7851040064126,-25.0280797600829,-27.3797828650745,-27.0199822225179
"152",-15.6626646713053,-17.6438706375449,-15.6944246354721,-16.6116658003242,-16.9349022395915
"153",-9.16810770228928,-8.59966982725776,-6.34101811951751,-2.20099749631702,-3.87569633702527
"154",-23.6252224968132,-23.2762496526491,-18.7799195916369,-20.3086196719904,-19.982474022271
"155",-10.3813849594013,-11.0316044916836,-8.88859971790176,-4.7322766726865,-6.19058392109387
"156",-38.6313444077515,-35.8099599809355,-25.9353796791499,-24.1839289366136,-24.0828953042238
"157",-4.48964184253875,-6.26759913039626,-2.94056576453798,-7.8504268106402,-4.81907367561841
"158",-1.85951645654962,-3.50838871662592,-5.20509288743989,-5.50682942798657,-7.0085409384622
"159",-14.7911367981671,-12.3367465703456,-14.122283950995,-13.3466648449744,-15.2585975375547
"160",-16.3614933504953,-16.4566378026855,-10.7027287684749,-18.3786474229506,-11.2544517967489
"161",-16.6113684072234,-18.1730113799807,-14.1789534548122,-19.9636595438595,-14.4658839061463
"162",-15.2490236876567,-14.6549804064793,-14.0980131583682,-15.4702823032484,-15.7293856459079
"163",-9.38805893795686,-9.14660702595371,-9.72671974064255,-9.69835974693435,-11.1895377583719
"164",-8.772695713822,-10.7408367585841,-8.44117153811112,-11.5421875723347,-10.4369899519655
"165",-18.1104982907634,-18.3242420305579,-20.271462392684,-12.5760688958899,-13.6553538304981
"166",-9.78427944521685,-10.7149471221867,-7.42556642556759,-10.0182936110189,-9.33525230218824
"167",-17.4931440430773,-17.9379060764459,-19.7223347726831,-19.9328144712843,-21.0370910545468
"168",-28.578166679909,-30.3478913978479,-28.8589461951284,-11.2411119293519,-12.2352848338129
"169",-11.1667781354909,-10.672004684825,-6.35574151670227,-5.50193717391726,-5.94296968707808
"170",-19.6110974246005,-19.8341740012954,-13.5769246093666,-10.0280748439293,-10.2928461466277
"171",-12.0777789227068,-13.4700350249868,-15.4226373641426,-15.3173829491141,-16.9184198273092
"172",-16.7255848122866,-18.6607138275453,-12.5580350452556,-17.5072313013954,-13.5761344840665
"173",-20.7333080980017,-22.5961366277484,-24.2969210865819,-24.0130296060424,-23.2536340217156
"174",-4.47425538317837,-5.19861608560055,-6.90965993867454,-6.6610443889429,-8.65608558051654
"175",-37.6368893678465,-39.588641798851,-35.5858075462148,-41.0217392656392,-37.1702394014734
"176",-0.202804070160994,0.315848926821815,-1.06537959492267,0.0294669661866704,-1.94076473238571
"177",1.67756423087589,-0.247690428121059,-0.449778643612888,-2.20781549619121,-0.938894974316208
"178",-12.3288324906732,-11.1519282597996,-10.3674793461013,-12.6133493854767,-12.3305607573235
"179",-4.08595706670918,-4.68460996577528,0.182975394298198,0.568741716281806,0.882043899877404
"180",-7.81518218731114,-8.5350691754746,-8.44643199269267,-7.02702783724743,-8.90214463344369
"181",-13.1207322410943,-15.1148315074082,-15.0365153270984,-17.0244151008622,-14.9400011188668
"182",-13.2008219332033,-14.0995281839132,-11.2218667728004,-15.758200588179,-12.2229074752283
"183",-1.86442261764439,-3.65904910418263,1.71458655395437,-4.72189644044743,-0.225023357727372
"184",-18.2690981288088,-20.0501421962529,-16.2166615111605,-18.8934775993738,-18.0144903312027
"185",-9.11084585551249,-6.55156810906299,-4.48237095952829,-2.70756513315148,-3.13036905492709
"186",-15.1418272735498,-16.1632196713732,-6.85878727017573,-11.7523742464839,-8.34740715911911
"187",-11.3192671236759,-11.7696587422196,-10.3300585681118,-11.0851444562684,-11.5554526586253
"188",-18.6975246919474,-20.1283344677356,-17.2246501487568,-18.783879065841,-18.694448517836
"189",-8.63441728781009,-10.1170221670067,-6.60823089759298,-8.95310807676483,-8.29466317880891
"190",-17.3586205007562,-19.3296425243692,-16.7602665264435,-19.9037044396613,-18.7578977821514
"191",-22.3612210314491,-24.0607485548145,-21.870885569833,-23.0631855594075,-22.6228214410428
"192",-26.2698262659185,-20.2755892064054,-18.9056628183817,-21.7551612353285,-20.8629281132318
"193",-19.7623002862682,-18.7874236825952,-15.5526715432644,-15.0629300031569,-15.4313734617321
"194",-21.7423719124506,-23.5176220408465,-14.3411398682889,-16.4116520199906,-10.6977327793924
"195",-17.3379158433334,-18.1096556594412,-13.0464858594806,-15.3276107376187,-14.7445957919724
"196",-18.9693242854496,-18.9091250280114,-14.5266746373767,-12.1315989304832,-13.0771457471154
"197",-16.5538459128421,-16.950710749587,-15.9810135908662,-12.9404474438514,-13.1087480225021
"198",-9.77926160980491,-11.5746978981745,-10.1518919234124,-12.6089183844437,-12.1518100849239
"199",-13.4289342636463,-15.4175815137185,-11.9908119500705,-11.0642645164187,-10.8126582277755
"200",-12.4880515856007,-13.3126082049941,-7.93413778030691,-8.67977974309688,-6.59448841327417
"201",-29.2342260618679,-30.4829859179291,-27.3687676462615,-32.057272827888,-26.014866058051
"202",-9.32979036824224,-9.12903543692584,-1.01345062201401,1.47852409710132,1.20997849466935
"203",-9.01414104889879,-9.39070714332399,-7.11279215103896,-5.97551881331664,-7.59919976128295
"204",-10.46323599118,-11.2393637240805,-8.62513600581035,-6.64855912994189,-7.54878921133051
"205",-12.6951740795906,-12.0755223480756,-12.5232221167907,-8.05503440263381,-9.94090634843399
"206",-22.9798438284419,-24.348206287272,-22.9626998985259,-25.3612762736685,-24.83132713039
"207",-14.5608385137885,-16.1345014169249,-8.26167064298417,-15.8702795102747,-10.1462661566821
"208",-17.9055590424537,-19.8793619554873,-16.7065798683673,-20.9531550574592,-18.706224530643
"209",0.449856198359148,0.482715678886294,0.905349036579859,1.50038769451128,0.0539851624616885
"210",-14.1737688642874,-14.1219614483682,-10.7808963079336,-13.8830490801467,-11.9669168741789
"211",-11.8884421651048,-12.8861058295692,-10.9743082044631,-3.31081605128765,-4.86882116243805
"212",-24.5753171494452,-18.9192661408242,-16.4594970284602,-20.6336025203162,-18.4569342246007
"213",-8.99720224233172,-10.5730134584078,-9.047714602489,-11.1468194389775,-11.0434800916979
"214",-21.2399002118772,-21.9989759616745,-19.7133587142946,-20.6577141753492,-20.9930019369897
"215",-15.1832901335591,-16.7009613671396,-17.3375731505724,-18.2766592800664,-19.2598740901561
"216",-19.7475033379515,-21.3482535049427,-13.244529304552,-18.6731131397473,-14.3989477812187
"217",-3.99576412725075,-4.70009086419964,-4.06806462794109,-3.88135912504796,-5.15751134796842
"218",-14.444423014999,-16.0719718074863,-11.728778492883,-11.477723809832,-11.3951997848103
"219",-25.0275718685197,-25.9467257485363,-18.9337828216256,-23.4247604124881,-20.8887187833117
"220",-5.88265721531852,-7.84235336367042,-0.344107904435596,-3.22874687617675,-2.06313398907562
"221",-18.701307234854,-19.2156068508736,-10.802913297239,-18.9171008899393,-12.7859736980149
"222",-18.8436096678817,-20.4292678762923,-17.3204657561529,-20.2158745392171,-19.2929460166636
"223",-12.709341040793,-14.4498560849516,-15.904693865797,-14.6694762849222,-16.6418122677777
"224",-9.19818764559764,-10.5382204289093,-10.0667834310946,-7.63169364772994,-8.90642460630629
"225",-5.63743915899562,-7.38304553192819,-0.820383106246106,-7.3976410328734,-2.7455344731534
"226",5.78223270587165,6.95011387855093,5.80000640326111,4.95014224958189,4.04953518484279
"227",-13.6168004899224,-14.9180461022948,-12.7832541417968,-15.280130162531,-14.7783335386052
"228",-20.989959714968,-22.9559162830445,-24.2591795373141,-24.3271049422837,-24.0199350793828
"229",-21.0573740091853,-21.097048557659,-21.557277226829,-23.0926099280288,-23.1020776254799
"230",-3.79710722070783,-5.78254632362286,-5.75941581655649,-7.37281333150757,-7.74040258849491
"231",-6.66327589089314,-5.91902021454927,-6.54834950840152,-6.80261822245373,-8.12213765097798
"232",-1.74908820730952,-3.17880607065768,-3.04496368485668,-4.47867433495347,-5.02816037308101
"233",-10.713296120245,-12.6625215055536,-6.23186578209337,-12.2706760626759,-8.23075812420706
"234",-24.9208900728852,-24.6791662557816,-20.7682513533127,-25.112530630365,-22.5889445526783
"235",-24.1316552181381,-25.49989372443,-26.7662968343651,-27.4802684055569,-28.6290523411119
"236",-16.1039193245899,-14.728587035423,-13.4217257303434,-9.82197117227834,-10.9728965791553
"237",-17.4444575141365,-19.438098155794,-19.7108483493905,-21.2455430866417,-20.9738475334645
"238",0.581748864482936,-1.0501259949368,0.17521060932617,-1.99062699102947,-1.81455900991369
"239",-16.9700522053092,-17.4579486577229,-15.1991444820572,-18.7425583197515,-15.930399562072
"240",-24.7769121316646,-25.1155756883303,-25.3920942780336,-26.5254803276299,-24.0013751112566
"241",-20.2030147404809,-22.1957792574466,-12.7128148089553,-17.828963193272,-12.491404696728
"242",-17.9965597128294,-19.2818778249331,-17.7505393524045,-20.5480702313913,-19.3380034924627
"243",-6.68995479532662,-6.93958482959353,-2.91636071708956,1.05967147723918,1.05641085100629
"244",-4.76014787762184,-6.39047848074031,-4.93607750114721,-7.34916760880986,-6.88137320645576
"245",-15.8096323550513,-16.0432706099517,-10.0259573821541,-4.03346491640311,-4.85201655906573
"246",-21.7626880652939,-21.3987380648533,-14.9114102805169,-18.5429576555328,-16.9097475341956
"247",-10.8047737883794,-8.73620267276971,-8.33369707969798,-5.53493163179254,-6.29219156431887
"248",-17.9886534355811,-19.9067803803527,-12.4799777579944,-13.892392985809,-13.3600612531627
"249",-9.65310663917093,-11.2924465511983,-1.55171645914785,-4.30419505049053,-2.31990715411957
"250",-13.5910226596017,-12.0408803417469,-12.0546642208561,-11.3842393198732,-13.0266327178372
"251",-8.17162550059331,-8.02905401735226,-4.10346719559141,2.31018593309008,0.587133364918885
"252",-20.7813724404016,-20.0767630794343,-18.1069747431862,-22.056021437013,-19.7680725151183
"253",-13.3056029153449,-14.2739522126885,-13.1498776229208,-10.2387770107778,-10.7394865883075
"254",-11.3428786189013,-12.3535767932936,-13.4606753346688,-14.2672613075449,-15.00782715112
"255",-13.0658167582796,-13.0372516928709,-14.1162661438934,-15.0012358090575,-16.0075190258951
"256",-25.8087795274975,-27.6240811323575,-28.833009799224,-27.4608290372424,-24.7021402367824
"257",-8.46104176590962,-6.27803477458838,1.5029094135319,4.68387885895181,4.2699783723429
"258",-11.4181829056903,-7.03539858142455,-6.28732417680338,-8.02630483655954,-8.01031431696581
"259",-13.730797491031,-14.5266057194477,-12.4766241415345,-12.1815403245759,-13.4906853437593
"260",-7.98762100098164,-8.91698336283378,-9.90681502959764,-7.64550463108695,-9.5549834535991
"261",-14.4450172482351,-13.7251351447735,-12.4923211643137,-6.91011089140494,-7.24214034425083
"262",-9.21002888559167,-10.0463943245571,-10.9283339358207,-0.657279752819154,-2.6572371235403
"263",-5.67364374686735,-4.41889870740573,-5.51868501543805,-5.48091410532209,-7.18122162754509
"264",-16.4031934624115,-16.5837680247334,-16.8313237143847,-18.5508123598792,-18.1224215142881
"265",-10.486973833947,-6.41705578696529,-8.22542194454816,-8.37388805046767,-10.0588625246095
"266",-32.3909365094516,-32.9881671270033,-29.5435709792029,-34.8603882154085,-24.3336289270515
"267",-17.4078904038259,-18.7159036820749,-20.0271056293968,-15.9219965820171,-17.9068425276656
"268",-2.96277615409535,-4.54465112687654,-6.5312926727501,-6.48825616848292,-8.17746309557971
"269",-13.6822945782987,-14.3453667893135,-16.30869292461,-16.329491720493,-18.3077254836093
"270",-13.4464311054951,-8.47328331145327,-6.73860620614923,-9.23254530987035,-8.43193891423196
"271",-12.4372601812203,-13.2698072801484,-4.32547676363903,-1.79978178245411,-3.38769987753643
"272",-17.0757516179487,-16.1469046270211,-14.8120866218054,-13.9222819465897,-15.2444405101867
"273",-5.30297060718697,-6.33770467172274,-2.07088334082157,-3.30715926278298,-2.70994738882046
"274",-9.34652146446983,-9.14491074788148,-8.82256642082806,-5.49173623515909,-7.46467954672264
"275",-19.0945863158899,-20.4040647258712,-17.816908261947,-12.1784619133682,-12.896690137184
"276",-31.7868718243441,-33.786691239003,-16.2448428152858,-28.9252201996086,-18.0207265468965
"277",-7.88428389149042,-4.21051770685403,-2.84257398806477,-1.34916726949586,-2.46901482579148
"278",-10.609232307681,-12.2108142357953,-10.9793067203686,-11.651070921787,-11.812707805866
"279",-15.6660567392322,-17.2342759158687,-18.9476309315409,-18.9730496801698,-20.0095870245019
"280",-16.6931161443965,-10.7255822293552,-11.8816261942219,-9.6442672821203,-11.4353940076827
"281",-7.00925956897211,-3.04183489370208,-4.07824718689879,0.135185633511846,-1.84577378133697
"282",-6.34513771413477,-6.00744266356842,-7.43332210441416,-6.40331010659618,-8.40303762614567
"283",-11.341965099504,-12.0965345139196,-10.9670170672394,-12.8702992238278,-12.9289404673935
"284",-27.5051253261433,-27.3600242746828,-24.0060670041021,-21.9876862974623,-23.0023564221192
"285",-7.87272099696343,-7.92811556053899,-9.36109464329583,-9.83649102222509,-11.3421733935596
"286",-36.7343806938283,-35.659897650499,-25.3639474486851,-33.8908085110604,-27.0943954298175
"287",-20.02187382576,-21.067266386852,-12.7171221899664,-14.2920447970054,-12.8652508288419
"288",-27.5499915439099,-29.0380414514257,-29.7954783477747,-28.812059367157,-25.2702298836513
"289",-13.5189403783538,-14.9413565388374,-11.1147407605443,-3.69419944524891,-2.29986463929592
"290",-18.9210914394844,-20.8442580837854,-11.3173303289018,-15.8837606838234,-12.8762518446811
"291",-23.166738551652,-20.5802890340989,-17.955992219244,-4.49455821894497,-6.4733020791914
"292",-12.9409336402382,-12.2273192004784,-8.986403809607,-7.23123614648923,-8.05780197344131
"293",-18.8897081243663,-20.8349427811402,-15.7266299601762,-15.4277872767224,-14.1987925941606
"294",-17.3729157010394,-16.6000941474766,-13.4203883042709,-12.8726771589899,-14.2402079694995
"295",-11.8949570235296,-12.673958989465,-12.4325925647877,-12.7189451774151,-13.5873279318739
"296",-20.4657522328385,-22.1083022978902,-19.7808668699112,-23.4376126079506,-21.7002825201184
"297",-16.6623689373599,-18.0720106979485,-13.2783947542919,-13.6549537428326,-13.2663324020672
"298",-29.5759532417439,-30.1743905603945,-18.3136028965263,-20.5513221862465,-18.8805422050424
"299",-10.1997980705324,-12.1670425104643,-6.84888265391882,-10.2594000554811,-7.70436350439346
"300",-22.2467281319232,-20.6205307150647,-22.1253034128645,-19.480343185849,-18.7932907256819
"301",2.81525891180753,0.957979447464217,-1.02479800612465,0.119184887519888,-1.08953957356631
"302",-9.87150111562077,-10.8123670278778,-3.97828724004846,-4.46657649567773,-3.91609975857195
"303",-18.3024491498275,-19.8598212396072,-10.7874219155563,-18.8071807219091,-12.1247945052765
"304",-10.3874946520966,-12.3517050805255,-11.0256240020152,-13.742281158637,-13.0234777188938
"305",-31.6025723728235,-29.7664548450607,-30.3994160156256,-29.181638426763,-31.1811458198601
"306",-19.5399427863141,-20.4489894734718,-16.5948286530154,-13.1065560699164,-14.026273300887
"307",-16.1445790897886,-17.7304603694034,-1.09287620965142,-7.42822399225715,-0.771833716217822
"308",-28.0773973905791,-29.9181869489539,-21.67620509768,-23.0465049149071,-21.7344081567421
"309",-7.99951880739607,-9.86705643463815,-9.14001065114895,-10.887813163601,-11.1390363226144
"310",-11.5015070411007,-12.947224833248,-10.8709461087798,-14.6058043582864,-11.9469367414573
"311",-11.3272376059481,-10.4517578601443,-8.55481981479628,-12.0040973895973,-10.4977559543769
"312",-28.0778619238311,-29.200067424556,-28.1216544415401,-30.187677086197,-29.979359637707
"313",-21.0222983358199,-21.8622913367653,-23.4261751138829,-22.9509450912991,-21.38475071807
"314",-0.0417140274607952,1.9435910097084,3.16182447519601,0.523837271195136,1.18600400512695
"315",-12.7053599752411,-14.7041164919861,-14.5270528857846,-15.168153609928,-15.9880135906884
"316",-34.1844272427617,-35.907524844622,-33.0927982010839,-37.5527803145676,-34.8453050298327
"317",-4.97726974239384,-6.95426418787753,-3.09423434789498,-5.09656722225963,-5.07816235908442
"318",-14.490899912517,-11.1713071029427,-11.8852105825825,-12.6979423764332,-13.8754088141015
"319",-10.7256901231142,-9.77616740575752,-8.04084942144582,-5.42558977479528,-6.90310657563681
"320",-8.82466887048909,-9.54109440537609,-10.0623824054772,-11.1062394388629,-12.0623409196563
"321",-32.7236874984563,-33.9585770875406,-25.9131620064989,-23.0167696107839,-21.7119795388845
"322",6.7917058992718,5.02055125520928,6.59333003254169,4.53549314154825,4.65817741733778
"323",-7.3977337783247,-6.2569043250407,-7.91584569702418,-7.8552825728543,-9.82037066664654
"324",7.6376828253649,8.31203904230101,6.93783749756586,6.60134549135393,4.98329847168289
"325",-12.1166039161021,-11.1013082805778,-12.1870222509217,-11.2582819884142,-12.7797008681531
"326",-22.4479480789459,-20.472197542679,-12.5194681364706,-12.8211276727797,-9.64567620596338
"327",-9.49635707563948,-5.51822263890327,-7.05572967852686,-7.47486477704153,-8.59444688186125
"328",-32.9300298888292,-34.6572187020981,-7.74067904699118,-14.8576613461025,-5.17834964514035
"329",-23.5135365413221,-25.0652456453191,-22.5656138774786,-13.9308574209505,-15.6637209774428
"330",-5.54531010628523,-5.9631956477336,-5.44561162822524,-3.36470121572625,-3.98753440540011
"331",-30.9303063208208,-8.36312621086742,-10.2249211453974,-10.363063250965,-12.1881161737941
"332",-9.58134061925676,-11.3243703392885,-8.82203242009807,-11.6319003824825,-10.6039418888183
"333",-18.1510147461224,-19.9148855649475,-16.5166810239333,-21.8210722448231,-16.5368450520277
"334",-4.95256728067253,-6.22046984077202,-2.18787573043052,-5.75469901831651,-4.04198412540308
"335",-8.81956758255801,-10.6387199970988,-6.12968425561141,-6.52706183785405,-6.01603335765208
"336",-13.4383047667801,-15.3286865884218,-10.4628875919413,-14.0632412802342,-12.0230670419502
"337",-8.06068437177669,-9.80276520551527,-7.57147145480872,-10.498223040064,-9.50428300373024
"338",-8.65504642013139,-10.2120519808375,-10.1737860734057,-10.414610459178,-11.859446301504
"339",-10.5742112636179,-11.2365252411968,-10.9710359592194,0.583376788661305,-1.41566857674326
"340",-14.2162149332252,-15.8844713960717,-12.7596995863466,-15.421658415187,-13.3242919194606
"341",-14.0441054840297,-14.1031402532568,-12.062828766039,-12.893029909985,-6.25339051062918
"342",-23.0037144431108,-21.9223572683831,-13.0042831908747,-12.0145683728436,-12.4400525693203
"343",-31.9657511776061,-33.9647628986923,-32.4784532353203,-35.354139688983,-29.3156601218333
"344",-21.0179745585369,-22.9949892176909,-17.1823064420507,-22.5843788471198,-18.9005635141502
"345",-17.1210470907941,-17.9572254827436,-12.9281941947367,-11.4162676586102,-12.6849411632939
"346",3.18388362208014,5.30812832627497,7.17283749973383,9.72863738210326,7.86907401627707
"347",-2.97407476058591,-4.23118070648967,-4.71153743588502,-4.85610976524655,-6.32567024597591
"348",-11.3354186652588,-13.189697056702,-9.48032056472116,-13.4786993475846,-11.1850127050232
"349",-30.5371009770418,-25.5998420498291,-27.092852405026,-27.5992667908314,-28.6267443023813
"350",-6.39127662084495,-5.25377477365161,-3.72275794032647,-4.26475873226634,-4.86817470416219
"351",-11.6887468012403,-13.1729116807041,-14.8101925830711,-14.2514869086662,-12.4478290615766
"352",-9.13587206424853,-11.0856397049089,-9.02831622310017,-7.16465701238926,-6.40747314160984
"353",-12.0945605018358,-13.8979297517248,-13.5278589722689,-15.7354767335272,-15.0749363777061
"354",-6.13489072420399,-6.96264863838621,-7.57977678119736,-6.3464784290166,-8.18236895270035
"355",-25.4386209363499,-27.2040566174129,-21.8117325287907,-24.3190695153062,-22.4457754853319
"356",0.221436070352315,-0.866476929063108,1.33469528390526,0.13709488135564,0.0304722059128002
"357",-27.5698480740843,-29.2275531357082,-30.7837436822974,-30.7474554097118,-30.9191562750722
"358",-24.7328159295829,-23.10659156766,-24.8451613199428,-24.6052947865983,-26.5818059004151
"359",-13.5644718847764,-15.3776609138745,-14.6889976539166,-14.284427406048,-15.2860927883896
"360",-9.8035382435361,-7.47927153800845,-6.52691371706153,-7.17139299968559,-8.4615662511256
"361",-27.2196466219201,-26.4697758509761,-27.2542987271409,-25.4329838850925,-27.3990055585572
"362",-19.626455924612,-19.2359434334294,-15.500152813746,-18.8438910047468,-17.4834521465643
"363",-13.2884830114413,-11.3034884725919,-1.20705400051785,-8.32845470796208,-2.13322360765387
"364",-33.9510458740505,-34.2763245488727,-35.8742117911483,-35.786414621391,-35.1053239741104
"365",-0.391859060233784,-1.75757098823356,2.26253046913995,1.81704492097845,2.31311500799135
"366",-23.3631767639256,-24.3875840668538,-23.193323733196,-23.5916956114526,-24.1066595275117
"367",-8.61790660575248,-2.6425376391853,-2.51182747714803,-4.2067201793729,-4.49301415550548
"368",-11.6992024038243,-11.4266097319799,-9.22364044181387,-11.9631545255282,-11.0156827164497
"369",-18.2398573536279,-19.8668216830406,-13.4602486867421,-20.7395941691295,-15.3553291300074
"370",-28.7125632679814,-29.9396702612055,-29.7263234462459,-31.4351109494693,-29.2043250336245
"371",-5.16007706525981,-6.8961697736661,-3.82110749860772,-3.94607426129513,-4.07747867048854
"372",-7.83720743077333,-9.8341037336697,-5.92499982356627,-10.7062977210432,-7.33403173215133
"373",-43.4837674445537,-40.5631459176685,-36.8638528903895,-29.5736604267727,-30.9411284085026
"374",-14.2884667657667,-16.2085521499262,-13.1000061985427,-13.8048440866908,-13.8617213477266
"375",-17.3631466465461,-17.6475165334171,-14.9840940986507,-11.3239133179475,-12.6818123476635
"376",-9.55027904791899,-11.5463265778219,-10.5755851909017,-13.5115502447431,-10.8605143729837
"377",-21.6205252136871,-21.6143216001587,-22.1358858436504,-9.7131212535148,-11.6140899145083
"378",-12.1849643794199,-12.5837325643349,-12.9942387003347,-14.1627853695045,-14.8797136700693
"379",-4.79277524092458,-6.51097136572923,-3.42668986943796,-1.93668678739575,-2.38739487965415
"380",-12.786335253171,-14.6516229489937,-9.62906802626925,-14.4953060887509,-11.1850127050232
"381",-30.2379587462964,-27.2589764863584,-29.2417605135711,-28.6611069419209,-30.5329109727677
"382",-12.5623218543399,-10.7861917554253,-12.4697278267994,-11.2792614260106,-13.2393655003542
"383",-8.56795968911018,-9.44597320906225,-6.80882027318813,-4.35336983255347,-4.82553097868401
"384",-10.6049663943548,-11.5145244502802,-12.4235718105129,-13.5132002373903,-13.9390753002754
"385",-1.98659122519006,2.1346243877746,0.240773903503112,0.294478971967523,-1.4299329608658
"386",-16.9244036153397,-18.3484299009078,-15.0886004682012,-18.8865953870319,-16.9896019078173
"387",-12.5397835834483,-14.2602767006189,-11.5431886829924,-14.338226446609,-13.5417737036268
"388",-18.0638470781317,-19.0165711807243,-17.8271123180532,-20.1483479331632,-19.7727215155882
"389",-30.0818693471425,-32.0237819089978,-30.6013733938519,-21.9255648625149,-23.7926395355668
"390",-10.5912727597527,-10.1124415804278,-9.20095324670658,-8.36880201532353,-9.5847085727141
"391",-13.2590802271071,-14.6227482602733,-13.4105103143633,-13.8213592864555,-14.0634695798661
"392",-16.9212780303958,-13.7139212254307,-6.09727697750807,-6.37914002106154,-5.90980192110012
"393",-11.0897732785486,-9.57986972678293,-8.34066743232164,-7.43643147485933,-9.31291153016697
"394",-0.381825862969828,-0.789293298644445,-2.00153619471773,-2.51832911792614,-3.98879985702754
"395",-8.31605778155053,-9.47196853222347,-7.85997333906258,-10.0521768805668,-9.85393894418736
"396",-1.3149523796595,-2.09925518242227,0.482915998831505,-2.00767298085944,-1.50847590629931
"397",-12.746771526451,-8.61272798363814,-10.3639930207096,-10.4356402449729,-11.9354141693185
"398",-19.8006683193072,-20.8415155304036,-21.8298651080304,-22.7067147788188,-23.6748601502564
"399",-0.38199205594999,-2.31485534582697,6.98138006589337,5.23773425750727,7.45811103498758
"400",-9.75274554316179,-9.18044526317586,-11.166600450696,-10.5492467290188,-12.3942012637787
"401",-16.0247409908396,-17.4572692391702,-11.9688214805655,-10.4315078200007,-10.3172041176933
"402",-17.0756720746043,-18.7287254792873,-14.4992973495512,-13.5356226342986,-11.608755788173
"403",-5.40455398151311,-7.12141880749977,-7.33655445327845,-8.95324145190044,-9.09160397053068
"404",-5.78999276255161,-7.15274331119373,-7.49964403459051,-7.0018398208585,-7.96427589574104
"405",-5.01909834551842,-6.99699883381882,-7.51813833731277,-7.0438980857788,-8.38472053045808
"406",-10.3540548542612,-11.6375908123725,-12.7462550332981,-12.9063527632924,-11.2861913935712
"407",-10.9122469165948,-12.6758220602213,-13.0735494567317,-14.5672094839475,-14.7569356498061
"408",-8.18485776116441,-10.1680167367509,-9.3755851308295,-12.1608932659382,-10.9969113694379
"409",-28.0127296160713,-29.1332250204045,-29.3392326635102,-18.5954130765028,-20.5120719699842
"410",-30.0933347190087,-31.7766017794987,-22.7967668815698,-27.0594937558416,-24.0116851673876
"411",-0.774935259527352,-2.15230708533447,-0.114352702616389,-1.79488764459572,-1.85117875128057
"412",-7.16712156897377,-6.76326573239878,-4.91422496483913,1.18873532940223,-0.0269330847510236
"413",-12.8703994733709,-12.1261381363376,-14.0581078570276,-14.1216087709033,-15.9676699817615
"414",-22.7250916126288,-24.4913847949849,-25.3795709291385,-24.8370966866551,-26.7622484415584
"415",-10.1015386257405,-10.8778123610822,-12.0409805728562,-12.4131131060843,-14.038398814831
"416",-6.26850409781986,-5.24974417270618,-6.1354477829179,-3.89065130063723,-5.82964678792415
"417",-17.6564845208642,-18.5868424227112,-20.0655305025064,-16.0234013739997,-17.997568239922
"418",-21.5118231947626,-19.8774463021367,-17.5706124719955,-15.3671977199783,-16.8776759899762
"419",-9.22294875052992,-8.11740485347641,-7.51166803572649,-5.80914640116797,-6.79794264933962
"420",-2.86691306826618,-4.86396507127113,-0.0538772758280981,-4.30412209101852,-2.04321657309005
"421",-22.8126007752194,-24.5804630377914,-24.9157169523223,-26.4963825288408,-25.1523755729824
"422",-22.8034240337789,-24.1304346087759,-22.2455380073909,-24.1475612141461,-24.2236146852637
"423",-16.7389155629987,-18.4491998886095,-19.1693183040163,-15.3989459099626,-17.3456250873112
"424",-4.72211841553996,-3.81011862088173,-4.22044875515752,-2.15152995358139,-3.92304810816298
"425",-15.2216677790649,-13.4624524772241,-13.576213302642,-13.449030715079,-15.0492396228239
"426",-9.26088697627945,-11.2185304717632,-7.91854704683204,-11.9368304337381,-9.91092195467841
"427",0.258462126982621,-1.74078097810252,-0.37477044622967,-3.70330417724691,-1.71686642548512
"428",-6.20656255820581,-2.4431320810466,0.422269110603009,0.337988108445257,1.54802745662695
"429",-16.5750711649653,-18.4819599406019,-18.66323419432,-20.1493371243018,-18.3858575234195
"430",-16.5991487882304,-18.5976680767344,-12.5990761871177,-20.0853171759364,-12.3709066909768
"431",-4.18047101917298,-2.75056758943391,-4.6327283048522,-4.53135788529775,-6.10854587610456
"432",-14.851542189555,-15.4068498836664,-12.448798454837,-15.2629358528127,-13.9673136051256
"433",-16.8695637493914,-18.8528840780639,-15.6117742963199,-18.3604651890954,-17.2965757330315
"434",-26.6400468691387,-27.6135998594997,-23.5497230782366,-25.6857745539622,-25.2957565006428
"435",-2.54998246160643,0.701839736741791,0.302884031207926,-1.29460321892936,-1.30825089510419
"436",-23.1990342684229,-23.2159313120752,-21.915856070196,-22.0353721877626,-22.6706953396416
"437",-13.5336740047289,-12.524091831222,-12.2769172368895,-11.5004706727548,-12.673209335624
"438",-39.7949452887514,-41.0387514027444,-37.3145821028527,-39.778003072561,-39.1160219649193
"439",-14.8772627554331,-16.2454043816708,-13.6850668582365,-7.8279993159736,-7.53291926725778
"440",-9.21022582938108,-10.9009911798083,-7.6194445660181,-10.82681367133,-9.38790935250371
"441",-11.916106974879,-13.5087149905857,-9.64024432397654,-8.51604732944774,-7.62131709155632
"442",-12.5155342779554,-12.9028256699164,-11.4744921734013,-13.5343292274452,-13.4715436089837
"443",-7.98835918708486,-9.98437741351113,-8.83981331300328,-11.7693847342483,-10.6500661497432
"444",-11.2472440688374,-11.6442505675522,-12.4770995271138,-11.7199954434671,-13.5713382274808
"445",-14.1767400694884,-16.1291208470943,-6.4729142444971,-12.46930064195,-8.32137831547318
"446",-12.7539224808343,-14.3685466247403,-16.0156739127909,-14.9232116297262,-14.5337477950463
"447",-16.9123006415309,-17.20201352622,-8.9614479508888,-12.5858794307576,-10.3659635158397
"448",-20.7500416415722,-22.4022795723191,-20.0295297176969,-18.2526032412529,-19.2598740901561
"449",-18.3068414047059,-20.0617679307905,-21.5737479914083,-21.9700579934313,-22.3080501537324
"450",-41.9304659309383,-43.8913546369295,-45.657154643465,-36.7051138192287,-37.3325932903727
"451",-32.7411150057386,-28.9327799890525,-9.79923662704689,-30.0200670617687,-10.1139271330637
"452",-17.1388478642261,-19.0268265833509,-17.5116372052395,-20.8327043708543,-19.4808591741852
"453",-3.07667823124084,-4.60726972496473,0.305359557236695,-6.49675541992726,-1.46085616198359
"454",-18.3743446701292,-19.770902088681,-18.7783583321064,-20.2058405305313,-20.6780929060377
"455",-10.4627172908322,-11.7725600873693,-10.8358496240551,-12.8881769085881,-12.8244157364029
"456",-14.0847456822012,-15.5395789416885,-10.9930390934588,-10.4393461507674,-11.2159438612104
"457",-22.621585008048,-22.0679111666465,-23.9222645426261,-23.9551341861621,-25.1216405416223
"458",-27.1787328196109,-25.7201275895318,-14.381466051726,-11.9972677883954,-11.4642367805922
"459",-27.2537189837564,-27.4790329142963,-22.1269135238311,-24.7976292731865,-23.8788840268377
"460",-11.5551509447338,-12.5298011265059,-10.3736134297476,-10.0487647471824,-10.6910263100881
"461",-16.1069574939664,-18.1037994880741,-11.9108288535056,-16.6096652222126,-12.9147786619104
"462",-9.76237978712242,-11.3438028134628,-9.2391786135145,-7.68063178876018,-7.43507541462749
"463",-20.7273929155349,-22.06830776184,-14.2472545701376,-9.66229414201009,-9.00141223752258
"464",-23.7618271116036,-25.6871170914026,-20.3196841162631,-20.2022025406538,-18.6256717392484
"465",-6.5458876765174,-6.26138109444235,-5.41664958605263,-4.55272580697736,-5.69486300688282
"466",-8.11668476699372,-8.68458551310275,-6.63982214843317,-7.34271481923389,-8.11304061302495
"467",-28.0200316577099,-26.1169722844233,-24.9352275353861,-28.1026817829286,-25.8538505771911
"468",-39.6988358394778,-40.8209034640869,-29.8315075071708,-23.087781483999,-22.2981596726694
"469",-15.0925986864225,-16.6785647150558,-15.4008026333151,-18.3426165416934,-17.0261089381502
"470",-16.5401346755917,-16.6205554697304,-15.2201413166692,-13.3826945352657,-14.5173847752533
"471",-15.321165537545,-12.2732355942542,-11.6293078312129,-2.42510672799505,-2.63213164540083
"472",-2.95286119532812,-4.86416507025382,-5.04492865751361,-6.58185687726623,-6.83387158741153
"473",-10.2418082334746,-7.93365638836604,-4.77560183205276,-4.77099732809237,-2.30290075425498
"474",-20.1663735921666,-20.5848580530653,-20.6679418106311,-22.562396842606,-21.6311433585326
"475",-10.849195081554,-12.8081114621347,-8.49382449056502,-14.0376017264903,-10.4866334896428
"476",-17.6813738697827,-15.5652817797216,-14.0507640271126,-15.7972451623158,-16.0465577570845
"477",-15.7245972328342,-17.5511387303032,-15.2490275311012,-17.1325373263277,-17.1279788341528
"478",-5.77544246730273,-6.5957647444312,-6.74425572919404,-8.5033854664654,-8.66672231449357
"479",-14.6066376735118,-13.9176421608896,-11.6337063304412,-11.3591564205624,-12.2685675118472
"480",-17.6330460634465,-18.6646996924927,-11.4710589916577,-13.4794468618847,-12.5888391288416
"481",-2.76338129368824,1.24725860477625,5.83740391443927,3.2973742836419,6.19201584947487
"482",-3.15110387874684,-3.43074074234409,-4.92862630205781,-4.84890048651223,-6.59853413320181
"483",-6.94018873010078,-2.33953029230691,-3.87363748095558,-3.79079708991269,-5.69222461179834
"484",-13.2077220010762,-15.0194964679301,-9.0077830707794,-10.4481848939134,-8.66814075420999
"485",-35.4228691368754,-36.5536465959243,-35.6768745375368,-16.0390112714117,-17.8482444536358
"486",-11.0504472271328,-12.8722208776552,-6.10546518706247,-9.46377843229138,-7.1860097090647
"487",-19.7224765630455,-13.4054605513311,-14.7867986658773,-15.2248265410958,-16.777289676449
"488",-15.6225656104347,-17.5527955322452,-13.2296226848551,-17.1917026887767,-15.2128130548516
"489",-22.462731784449,-15.1337682915654,-11.7665566057184,-5.49383690403586,-7.40824362832414
"490",-13.7733215604462,-15.5818760441462,-13.0410536720597,-17.0713045773168,-13.9189169833346
"491",-25.127412784229,-23.7839570483519,-18.6115334240353,-11.6424783776432,-11.9415591381368
"492",-17.7670424138167,-19.7578127938635,-11.0961542541938,-20.5246967372428,-11.9699916051414
"493",-17.3025423843391,-19.2415551376759,-18.2799392720983,-21.2276918794938,-18.146544154746
"494",-3.0604775736633,-4.51644078848913,-3.92043508141431,-4.783943093139,-5.6942033921943
"495",-15.7239710226153,-16.5217529382582,-15.2323263200832,-13.0195606205224,-13.8343601156521
"496",-23.3515399737042,-21.5354283099673,-22.7327209033931,-23.5331637850625,-24.1356084897795
"497",-12.6819171216333,-12.2523854318966,-11.1632640245767,-8.40811196284055,-9.43051726319627
"498",-36.8595907335171,-38.8595895449786,-22.292801376792,-24.0000310594765,-19.0720546311916
"499",-8.72399010072265,-10.5462676027049,-2.70905121646157,-6.36098163938867,-4.37020978301734
"500",-26.0946413594324,-28.0653763780949,-26.9482542860021,-29.9101577600466,-28.6775511920327
"501",-11.1998029176662,-13.166320141585,-11.1091513585527,-14.7666112722683,-13.0503029517331
"502",-33.5671084192693,-35.0902226067244,-32.8379697332002,-36.744667462837,-34.1739668119222
"503",-17.9135150157413,-13.7340375819324,-9.45637090572988,-5.83688886004585,-7.71614202768086
"504",-19.183576278257,-21.1467421813334,-19.4291845267572,-21.4968601353596,-20.8104416931786
"505",-39.601317256646,-41.1356763879958,-26.3505372341189,-32.071159784548,-27.0755016763488
"506",-12.9437988694803,-13.6159125603599,-7.60929122340668,-11.2861155305928,-7.86818046969581
"507",-8.33591515960167,-8.00987757800899,-7.66935571574094,-10.0097081988597,-9.05077837123825
"508",-22.0052308050341,-23.1867180213412,-20.6579861431525,-21.3652994794669,-21.5388152050715
"509",-33.2109311937294,-32.7526371779407,-27.6026355298441,-30.7351405989528,-29.2734343993196
"510",-15.3521206835255,-17.0950596096465,-14.0597816689143,-13.1160260470661,-12.9864246556968
"511",-12.6820160582827,-2.9215547904881,-4.86988841786205,-4.86625270761134,-6.84879473831334
"512",-48.1880361208486,-50.1509979177972,-34.8321811356586,-41.8626184656088,-36.8319384712158
"513",-17.1562944739717,-18.1045465305379,-16.482543693317,-13.5757949288054,-15.4029447871965
"514",-9.07974365604452,-11.0716470740085,-10.8439636641756,-13.0386123351175,-11.2091520959801
"515",-13.2826275319127,-14.6309554435454,-14.7063926770304,-10.7381606625225,-12.2987775095298
"516",-17.0307445602613,-17.4433392969078,-17.0134565517882,-19.0653230302135,-19.0126813265447
"517",-18.8050003725097,-20.6686358413002,-15.3616454641171,-19.9176527465719,-16.7677830312404
"518",-21.8640537423763,-23.6008897923489,-17.7756102845967,-18.5892839283968,-17.8571175681336
"519",0.589753453943752,0.225554185294348,-1.05500936616448,1.2955496346635,-0.663170215734668
"520",-16.6353033498774,-18.1376697394862,-16.3907638976991,-13.8168747162053,-14.7536446578913
"521",-2.79302739928964,-3.02932145193705,-2.12228452733488,-4.90094462679961,-3.99892487637209
"522",-12.5857410707063,-14.2827968742889,-14.8451150994863,-16.2784276463836,-15.1263782543321
"523",-11.2878838364817,-10.8213609780637,-7.97978925468006,-5.88501149072201,-6.22932555412262
"524",-14.4678157405921,-14.0014846248971,-13.5708036134587,-11.7987486377771,-13.6065238121332
"525",-25.2757526156587,-26.909509288622,-23.3497043156042,-24.4021310394672,-23.897388615688
"526",-14.3617144598737,-14.2612357833195,-13.7516938105348,-14.4474621602083,-15.676340633426
"527",-25.5113463175981,-27.5112658763754,-17.5096776050239,-26.3669555506038,-18.3939486528052
"528",-19.195977762371,-19.0531051871707,-20.4334504518725,-20.5893150079561,-22.3912245247595
"529",-30.1958662354221,-31.5977247332365,-33.4325109611564,-26.8763441355279,-23.1151903631524
"530",-3.05917346204651,-4.2710627536617,-5.51402515805094,-5.40898901957218,-7.20790520532113
"531",-31.0692483212209,-32.4945833361443,-7.88963964199143,-17.7590982860439,-8.17045574639156
"532",-10.3563050120626,-9.91237101840621,-11.6024054764315,-11.6052372420432,-13.5202130381967
"533",-15.2685595801565,-17.2665505900626,-17.9100305880987,-17.7984592862651,-14.6960950194069
"534",0.550265546314696,0.962752173327721,1.36271529302681,-0.544034825794689,-0.544321109422036
"535",-15.0984736309085,-15.0097129396821,-16.838342727672,-13.6296328847809,-14.5615799248536
"536",-14.3243997055749,-15.4654839010304,-16.1972145369876,-13.5003642612632,-15.2519347980979
"537",-19.7890714461919,-20.9002171496621,-13.2640008835811,-18.1922773003392,-14.844243328746
"538",-11.4839197649511,-13.1788127239109,-11.5065183349736,-14.9600902879328,-10.3659635158397
"539",-10.6909772456003,-11.8084549677796,-1.26569155856609,-6.4046059483826,-1.8872301047963
"540",-18.2965280391801,-20.2238572476644,-17.784838049628,-21.9424259743978,-19.6946881851335
"541",-7.61623968542955,-7.62711781911962,-7.43396744836636,-9.04105395553027,-9.04004154561102
"542",-13.1319935280139,-12.6508307079648,-13.4927926696732,-12.3945035579105,-14.1468794783737
"543",-7.75451569929037,-9.7545037705572,3.11929519170315,-3.66865434793758,1.83393484484031
"544",-7.4275025283857,-9.25881833327105,-5.76518375904736,-10.6699714911058,-7.26954905254991
"545",-12.7117380014856,-14.0083728998796,-13.8078221642661,-15.9099249928861,-14.9540533967031
"546",-16.1489868453214,-17.81448206079,-14.536056264726,-17.4146437315803,-16.0924333135585
"547",-6.18475874496651,-5.15529988358729,0.585258055091261,-1.01843420631326,0.770081155765207
"548",-20.579323086667,-22.4447207874816,-16.1454600455263,-24.4319896947756,-18.0626228642318
"549",-6.51822417390085,-8.26363730547197,-4.35021031913698,-10.150542670186,-4.81003515953607
"550",-9.16685978347698,-11.0853160713469,-4.13972071004927,-7.94714002445163,-5.04114204054215
"551",-27.2359994537298,-26.0560642079945,-27.1113831998772,-27.3863765694423,-28.7585103156585
"552",-6.54923417866582,-2.27399508894645,-4.15993915406954,-4.21384166171911,-6.15854954110694
"553",-12.5347587488965,-14.502299194558,-10.5776406354403,-12.051364344342,-10.2117572640697
"554",-30.8106711299479,-32.6918976852026,-28.3506745453894,-31.5462024891606,-30.3351284319757
"555",-22.8851271528622,-22.2604845188569,-21.1873839694306,-19.4589947780474,-20.7066212615897
"556",-3.81986471888655,-4.33758492928491,-4.0227296039531,-5.75516638536627,-3.30423231505775
"557",-20.8953711882425,-22.8680326399408,-8.95716991650853,-15.2859798147881,-9.59051110956458
"558",6.24030794020649,4.25530192470457,6.26360433247262,2.38120689239816,4.79834149849969
"559",-25.1150277785114,-26.7193520347358,-22.5230184212118,-24.1425634170951,-22.423946390651
"560",-51.6257170032164,-46.0770220122711,-44.9862680633365,-43.7780808843178,-45.568813167439
"561",-11.0608786886827,-12.6477189389394,-7.93984473226764,-11.0617775021614,-9.47316949883546
"562",-24.2091772621123,-12.152536379586,-13.8556538798809,-12.4096149927658,-14.1590407187116
"563",-4.98058566212417,-4.45577941114351,-2.73463486924881,-3.53883381663528,-4.04705289376063
"564",-10.5023737082695,-11.9972240649986,-2.15703482785075,-10.3172231457765,-3.42762502105319
"565",1.59802782151105,4.47276703519984,5.43020026560556,3.1981107352659,3.49872045915196
"566",-17.0309504750039,-18.7085767823215,-17.6787947404848,-20.6933579867155,-17.9299496316523
"567",-36.3729541839999,-37.0894685068603,-30.9111154981227,-37.9929731219495,-31.1529076358095
"568",-19.7794113284772,-20.7918793689179,-21.4579496727287,-22.3587461598497,-23.4057527249956
"569",-15.7205805403175,-17.7202474609795,-16.1634943550052,-16.1000294757304,-16.4192914738782
"570",-7.65478263475961,-9.62511741774138,-3.43304096972677,-4.97906414402745,-3.75598270390402
"571",-12.7315413465123,-14.4799467197237,-10.9424288768582,-16.2844290291035,-12.9084860959508
"572",-17.1595646058904,-18.560726870409,-15.3220461304689,-18.3221618209953,-17.2353464425359
"573",-25.303111359799,-26.3973838175707,-26.4359880534491,-25.5357783392064,-26.8417186651147
"574",-2.97213484107412,-2.16247876326912,11.1981451809972,-2.60663679521426,9.47931007773612
"575",-16.2076733689733,-16.3562212868114,-17.2664685252909,-17.7481929632631,-19.242430211485
"576",-13.7355696031942,-13.9613510537647,-15.0812082031055,-15.4872271355137,-16.9904707451647
"577",-35.4782888976854,-30.4142974576144,-32.0335482702559,-14.1345471807531,-16.100084232624
"578",-4.78526809107389,-3.06935820958542,-1.70416125864693,-5.00243217211476,-3.67741393412415
"579",-15.8926300280453,-15.4236300024355,-15.1457824372351,-13.7428508037652,-15.4815898475311
"580",-18.9416568026482,-19.6208103321452,-12.1753389618792,-9.80031282934543,-8.73841492544961
"581",-6.46287092656456,-6.86866413031001,-8.84821541661483,-8.04144672617386,-9.08802115058696
"582",-5.22818160701983,-7.1939389503422,-6.39235200354747,-8.05610201951423,-8.35514865165381
"583",-8.32225539519315,-10.1761710775997,-11.7747192871559,-7.87393366626091,-7.26954905254991
"584",-36.1651933442484,-37.3292770914366,-33.2229127577673,-39.0993562524535,-35.2108790378591
"585",-26.6331320772964,-28.2291241121416,-15.9410727679211,-17.9521211823691,-14.5599422176435
"586",-6.8357519892765,-6.75169041110259,-4.69809695983752,-8.18557543906879,-6.68358660118102
"587",-8.16409234833536,-5.31458515762423,-6.37707027196386,-3.51179842168969,-5.28596553512138
"588",-13.8973265017257,-15.4704791586524,-10.557103260043,-11.6994934624989,-11.3232520046708
"589",6.29309076919653,7.67840704281699,6.33889305365396,8.99237080705824,7.36323907792153
"590",-15.8865932080162,-16.9400547179732,-11.5033371563321,-14.087888108327,-13.1569884392971
"591",2.86160009286559,1.4825116597664,-0.326422683488753,-0.512224239909274,-2.24161478858986
"592",-10.0340917994489,-2.46627760636037,-0.665647040695511,-1.62186451678864,-2.23494560802669
"593",-6.13072710343919,-3.29100035255868,-4.19551608963566,-3.51162990566999,-5.39648390080257
"594",-15.2629751494341,-12.2686011120071,-9.27244247372321,-10.1441267575724,-9.24596216187094
"595",-10.9208711691542,-3.7422937099956,-5.4671480301344,-5.26917649956986,-6.07324669183199
"596",-0.691619650033838,-1.60288678873725,3.01418030710065,1.65475577024427,2.02343811438465
"597",-8.30893456346077,-8.4472365662169,-3.62822841701967,-5.29786725806387,-4.62518333870698
"598",-11.8955640498487,-13.8670627933361,-14.5331563093889,-15.7660421017148,-14.2605249142469
"599",-7.71634588626707,-8.3844387984152,-3.13109980457196,-4.48777736838375,-3.91988962146173
"600",-10.9855728368975,-9.47695555805674,-11.4412726909607,-11.1202091527624,-13.0455678115985
"601",-24.9487710711979,-25.8053099158257,-23.2679302163665,-24.4942353563437,-24.6078704663093
"602",-25.0481714201565,-23.7539707418745,-14.779992496658,-15.4028341891437,-15.3061009221742
"603",-7.48774129299019,-6.01146595485414,-3.13226091964117,-4.87382073446184,-5.01453404454683
"604",-1.96852454162149,-3.46140540889933,-1.35103852727638,-4.56256016629566,-3.33597979438209
"605",-20.9789166517757,-22.20039798028,-18.4009194169827,-15.1936790153996,-16.2627913099331
"606",-19.0573316769444,-18.5103468056931,-18.6454033339753,-18.1098339279952,-20.0273604422273
"607",-5.39972874411407,-7.35321409130117,-6.18319167182653,-7.38743511111174,-8.02916312668984
"608",-23.4276383541839,-20.7774877093201,-18.3283399419886,-19.4554935368381,-20.1388537525558
"609",-3.01616099755553,-3.505820796735,1.14981625476305,4.39746829179759,3.60979240731829
"610",-10.1484633371017,-11.1115921253968,-4.06422685342923,-2.34655852857666,-3.58583583439661
"611",-23.316290695597,-24.7082778873635,-25.0064047699652,-24.8729102717082,-19.6362604973102
"612",-15.822483172676,-16.6590522082271,-15.2522236561209,-16.5451640113409,-16.8742102982094
"613",-20.4186446263229,-15.947255172505,-17.9335430842409,-16.3022465790097,-17.7083035085493
"614",-9.35198833241963,-11.1609442356341,-6.25872509533364,-10.5312199366008,-8.20830966783311
"615",-18.9188612015629,-18.5871318155945,-20.012255265398,-20.2780052557932,-20.369357933702
"616",-10.8522168962747,-11.741128717163,-13.2018891790755,-13.1517337661049,-14.9201708047017
"617",-39.7628500761324,-38.1187184085477,-37.7153554709116,-39.0495081245158,-39.6817965766503
"618",-13.5549075898145,-13.7254735712184,-6.47293864298593,-12.5066038336949,-7.14362043100921
"619",-24.2397617193492,-25.202991925609,-22.7841430123218,-23.0819283288611,-22.9852569530098
"620",-28.6733306424768,-30.6681372054353,-23.9963309358108,-25.0954520241992,-23.4738818561344
"621",-14.2328935866563,-15.5152445070937,-16.9880096778947,-17.4761077894141,-18.363390538365
"622",-36.211641463495,-38.2106210389788,-28.5814674628337,-36.984458076096,-30.4423432310585
"623",-19.6401723305664,-21.4135358043858,-20.5369672992929,-21.6074359733903,-22.174729549223
"624",-3.23805512967231,-4.93142473077024,-6.20675960435498,-6.85176523031531,-8.14383873653886
"625",-3.66458668390608,-5.64635062874492,-5.85893446069275,-7.45209998764176,-5.23701420204891
"626",-6.8698741746955,-8.22337071590034,-8.2224988047768,-6.92483094621626,-8.29677163577885
"627",-24.1545256692837,-25.0812633833985,-14.2590630170024,-18.1240341681626,-13.2060779146784
"628",-41.3318613869793,-40.0128131545339,-38.7593632971332,-42.012158889004,-38.6934371704475
"629",-12.9804835344664,-12.3963625128314,-14.2636828801835,-14.297716085927,-16.2457236217339
"630",-17.1267675014487,-18.4555126741172,-9.48855442663455,-16.5863378626733,-11.4885411790661
"631",-16.023620885429,-17.6903215277016,-11.6148413809757,-12.5698778232338,-11.9308060470298
"632",-6.18825632800879,-7.91524271317335,-7.5310799459959,-7.15820313083108,-8.25672948296491
"633",-12.3545770781009,-13.8552272124037,-13.3257573116341,-6.82776846083777,-7.89531504903119
"634",-12.9085044346069,-11.0654864856743,-11.6867259941782,-10.9223985603496,-12.4742801734787
"635",-21.4459337773987,-23.3463534509138,-9.67049386901116,-11.8668810488088,-8.90642460630628
"636",-8.10689256440987,-9.58342337932133,-2.66845957187592,-3.89125626742498,-3.8939992043679
"637",-10.7815734298359,-12.656432087753,-5.22617219777884,-10.4487195717562,-6.9418476993097
"638",-20.8713391677419,-21.6990297167741,-23.6741527016176,-20.9137355363733,-21.1879271844139
"639",-21.6545328815785,-21.8739525480812,-11.9274630250574,-13.78365680203,-11.246898370051
"640",-7.33839514458598,-8.1731402889892,-10.1058177594117,-7.08289416672789,-7.28051766832923
"641",-14.9800973882462,-12.9044841700433,-8.18176142824543,-5.41218799849221,-6.88205219988941
"642",-10.5125545730374,-12.3867911606102,-12.4340298602075,-9.39889945048039,-10.7171131884508
"643",-22.8474921099826,-24.657746063682,-22.0474281270186,-26.0087787402755,-23.9148728437747
"644",-14.816886821714,-15.5914212221077,-12.980022714575,-12.7433782772727,-13.5066436189102
"645",-18.8941696817835,-20.8429050065423,-19.9076211068444,-21.3950765105806,-21.4718859166362
"646",-24.4786993746332,-26.1853252809272,-18.2284083973197,-21.5636889053163,-18.0760030464516
"647",-25.2719219344144,-24.9615604796236,-21.1117048616731,-20.6069977876174,-20.8247495091136
"648",-11.2583685565727,-13.1710251556279,-2.56886968334789,-9.82184757660289,-3.84541987836416
"649",-1.37675481094765,-0.487704094514827,-0.875848300923693,-1.04720395570859,-2.34664575707117
"650",-38.7051842928746,-39.6493012132206,-41.3033543379732,-37.0793462886743,-38.3745752461216
"651",-13.4006081480286,-14.4595874647664,-11.9399070695853,-14.799900217525,-13.9205292840092
"652",-23.395913706842,-25.37310058656,-11.6924688473435,-18.4161941124624,-12.1394578968362
"653",-9.8160200669844,-11.8082790895539,-6.26775600563079,-12.0472064205505,-7.89044341736832
"654",-11.9542804617451,-9.83739416095975,-7.73322425581629,-11.4259180952852,-9.56730588777037
"655",-17.0002936982368,-18.206309823205,-19.8394320170763,-19.4829884644889,-19.0674844001115
"656",-18.4985597551902,-20.483275004313,-19.6365583620741,-22.3766275049594,-20.7389774130264
"657",-19.1203065368423,-19.6262785467439,-19.4348942584664,-21.4589914873156,-21.4060333385281
"658",-13.5466196533211,-15.4976503256785,-12.2564721339661,-12.0695258972839,-12.5701137483947
"659",-8.05193737351312,-10.0089450794915,-11.0074891476781,-12.0086320854359,-12.4875121315247
"660",-25.0993782812951,-27.0965259744246,-26.8081649461315,-28.158412527217,-28.7365198847794
"661",0.0887766051107857,-0.818361041367332,-0.0526580825700611,-1.80580707408897,-2.05226874454404
"662",-25.2008490124402,-22.3204977532006,-20.5162362360098,-22.3831896112057,-16.0660910707638
"663",-12.9665111201416,-11.151235935652,-8.68222065489371,-6.85583675961496,-8.03125797387714
"664",4.92726068047678,3.20521819260236,2.14934381401882,1.30979005749723,0.194780431762752
"665",-14.6017249498659,-15.1226372252059,-8.83654048776022,-11.6019662314967,-9.53614453836087
"666",-14.04801716845,-15.369306020532,-15.1116817345467,-16.8982032530836,-17.0400249331926
"667",-7.15720608204131,-4.90861780958154,-4.06138792442986,-1.10984161173865,-3.01280891160431
"668",-40.3653706966599,-40.0012032175348,-40.9973473273688,-41.7682197964029,-42.9879848198965
"669",-17.6670887624401,-18.8239247600348,-18.0094374018909,-19.4414336193141,-19.9955608193088
"670",-13.6776831020499,-15.6309104169879,-7.86041193577464,-16.3041315948942,-9.85320890670616
"671",-16.9511483575673,-17.774152960778,-16.5084345936803,-19.0100914945018,-14.5673124153005
"672",-27.3469597604768,-29.3135447240853,-19.5610740075902,-26.0849178760708,-21.2216288502578
"673",-2.44749246632287,-3.64995435595809,-4.04412346409121,-5.63717228417953,-5.45808483304794
"674",-7.3060063885319,-8.71281923892791,-9.23848022072127,-9.31664413479304,-10.7551552357352
"675",-9.49559867125094,-6.02714320938866,-7.53769150373043,-8.02475479978066,-9.42907220195725
"676",-6.58653019636354,-8.38499041869267,-4.8795388495925,-6.78853585464961,-6.33303922602107
"677",-0.735210494322605,-1.1359655702818,-2.42954716624408,-2.91394347484678,-4.3855402290876
"678",-4.60838980562056,-3.54979589252379,-5.28377272848248,-5.32620323465906,-6.52846476984319
"679",-11.3934630854649,-11.7686756280895,-12.559782662629,-13.1098684492132,-14.4879477862941
"680",-30.2176290092245,-28.8210257548285,-22.9629559898352,-22.7769800036712,-22.8156548313191
"681",-12.7654429194285,-10.7680087683606,-9.53101661877107,-12.755106136012,-11.1119268921002
"682",-21.3611808053554,-20.0535484789437,-20.3124108132968,-16.2094668347953,-17.4474143699679
"683",-28.9523212139296,-30.7570973721334,-18.2050580558721,-20.8980654992628,-19.0693124314113
"684",-11.7593416434974,-7.72857289041759,-9.43984638565312,-9.14686183706375,-11.1390363226144
"685",-1.41169086775604,-2.67645895360405,-0.987429167121487,-2.12979290674819,-2.88018559480225
"686",-10.1050676432762,-8.861158847789,-5.44585978394791,-0.903610489654985,-1.59552477127051
"687",-9.19093315662247,-7.69112459305117,-5.77928453453493,-1.38050596594661,-3.12107572568433
"688",-2.40126824624109,-3.45476645305567,-5.01959091867941,-4.58396196476844,-6.48809454208371
"689",-11.8844929894712,-12.4666556186842,-11.8424417626685,-12.0921801719253,-13.5473653570699
"690",-19.5700082015338,-19.6251772960409,-14.7079769569177,-16.7192209742824,-16.6297531908194
"691",-15.5562278296756,-13.9890821169763,-13.5087557539033,-14.994353144991,-12.6044501481252
"692",-15.8402476015331,-16.8461879922385,-6.66350339012739,-4.38423754665834,-1.28691956531702
"693",-46.6611088164899,-34.6277454412488,-28.0202913177617,-36.6178602731716,-29.5734744807868
"694",-18.1103289631719,-15.8819361165499,-17.759025535982,-9.10634037781066,-9.93578550910927
"695",-13.4717130537117,-13.3229866568492,-14.884472367347,-15.0393810621337,-16.8326448311564
"696",4.27075633875915,4.6360912753148,3.18345008362768,4.95852665249858,3.04500362644484
"697",-23.8684754535167,-25.6396184893279,-21.6168160877784,-24.3478452959043,-23.3762990655548
"698",-35.4115188556504,-37.411273714915,-25.9647184959812,-37.0023928028213,-27.602218045159
"699",-23.7151531811351,-24.6322587599026,-21.5148716097896,-21.9243140174584,-22.6527360762196
"700",-8.45914436930194,-9.45623332796112,-9.41566537004709,-11.42779535857,-9.26826647324237
"701",-10.8077102682812,-12.7738803519763,-4.96546595825799,-7.32711309110555,-4.04895384346308
"702",-19.9931554964197,-19.6051014383871,-16.1101967998141,-12.0758856216587,-13.4253212781993
"703",-21.9344915130271,-23.7938287014499,-13.4850963817734,-21.9295727844256,-13.2147934800152
"704",-43.915242300681,-33.2529249479537,-26.4482148437593,-26.9002198323522,-27.0266405887968
"705",-13.1305618982228,-10.5873068606117,-5.64648961839691,-6.77209247036271,-6.73294387426969
"706",-21.2388372568243,-20.630658709041,-18.5804057266853,-21.6808087200491,-20.5793480109172
"707",-4.39007924274045,-5.92869984236279,-2.9688764337057,-6.66202674608507,-4.80099863557002
"708",-17.7966676802294,-19.1003712944482,-18.9709320431293,-14.3732891349793,-16.1119885008233
"709",-20.9202073759315,-22.8654371292318,-17.1797535397917,-22.3414283361754,-19.1745615488867
"710",-13.9488478450526,-15.656783194274,-13.216663871472,-17.5461206873674,-14.935869012396
"711",-6.02539893678324,-6.70769973558105,-1.80981494473295,-3.69828583041383,-2.16831340011283
"712",-21.7563936461891,-22.496590099238,-18.232974749333,-12.7927451935667,-13.9600504689671
"713",-8.98219731324818,-9.47675898622894,-11.1340451833191,-11.0346670601646,-11.2748530024443
"714",-16.1903563391002,-15.342650177737,-15.836689923896,-17.1553105126902,-17.4368727175273
"715",-16.0701934072216,-17.8395899422975,-19.5458988189964,-19.1023173046689,-19.8490404334753
"716",-12.3637896700488,-14.3458202750377,-8.0202027068149,-13.8046569451158,-9.84444947069505
"717",-10.387348279485,-9.37817329759577,-8.84480141823253,-8.64483174978289,-10.1609741493782
"718",-23.6941978744941,-23.4937519341821,-21.5629115681504,-14.6918475839631,-16.3696256365601
"719",-8.74453109928781,-10.5067449330987,-5.96678114329505,-9.02635526186221,-7.7154490796942
"720",-18.6058857051856,-20.3533556421702,-16.5987810720553,-17.4937290713421,-17.6385117464723
"721",-6.40911613407168,-8.23366627114861,-8.12454356144208,-10.0252075304583,-9.96652014323218
"722",-21.9889879862333,-23.6534961448968,-22.3714501703223,-25.6430828397848,-22.8326836975684
"723",-21.1972912874534,-22.0065046589178,-22.6147151483337,-23.6445128051834,-24.508598075161
"724",-32.8762332742357,-34.3364725926102,-24.1440828223521,-27.2637504113476,-22.3961807048804
"725",-11.8738378710929,-13.8049263811461,-7.00418254666067,-12.2280738234454,-8.27639442561468
"726",-21.3356879232718,-17.182113308546,-18.9459111065543,-19.088748597006,-19.9432386755688
"727",-16.6461644213584,-17.6539577978578,-12.398509667189,-10.2903533047433,-9.41245765739655
"728",-15.8328664527524,-9.52242627595174,-9.16380651167744,-10.9316712931225,-11.0923590006922
"729",-22.7466630303006,-24.6646168579944,-11.5816192424726,-14.7852437605165,-11.06528040574
"730",-3.85082406073538,-5.59654869563335,-5.06634634177633,-5.6962890067791,-6.78845724096204
"731",-7.41579350234892,-8.93379314621597,-2.73392335271297,-9.47561494490297,-4.53531325418797
"732",-21.7541702623638,-20.16230122998,-1.7363281189924,-20.6772044706813,-3.704424606078
"733",-5.48082499067788,-5.31736592517333,-1.05339662871514,1.50983078607232,0.348188081510127
"734",-13.6242352898064,-15.0000666607542,-13.6660142382261,-16.7037206811105,-15.4313734617321
"735",-21.3182183668011,-19.5535778535261,-19.3937776821618,-21.4625400468745,-20.6799941789634
"736",-19.8324217121392,-21.167961111476,-14.3034057421178,-20.425760960801,-16.2107570572998
"737",-20.5433537525327,-22.4784372654069,-16.4388851939227,-22.7688674838411,-17.72776035656
"738",-22.8007068173123,-23.537188497112,-21.3514134590959,-23.9993298218934,-23.2030529498903
"739",-28.6226357675177,-27.7246648664231,-24.5201313383644,-28.3513983416483,-26.4962635395728
"740",-6.27355743386456,-6.13567526003055,-3.79785174621347,-2.39182371087423,-3.1074493187306
"741",-26.7927707117045,-27.8721939417515,-17.5987438835637,-16.1582377224716,-16.2081996986554
"742",-19.0196430666084,-19.5366809149123,-20.8626346613078,-21.5353546713616,-22.4457754853319
"743",-15.3563834023819,-16.1840391767443,-17.2302292767465,-18.1370763600198,-17.2038926627041
"744",-5.55292944066899,-6.73712421834442,-5.06626342622676,-5.85404984468068,-6.5089475297934
"745",-14.5494571775171,-15.4500784565306,-16.1950968255541,-17.3465532412591,-15.6603563917569
"746",-27.2898424680383,-23.1012864767765,-24.5720506879504,-23.812353273574,-25.7407619128614
"747",-15.885336168235,-15.4206404726258,-12.9309796801807,-9.87453112345717,-11.6674693811861
"748",-29.4677798373636,-29.9285953754203,-31.6045854130524,-23.4203355586614,-21.7812552660309
"749",-14.188734156158,-16.1792465040957,-15.3440785170969,-17.9839545984321,-16.5325488442131
"750",-11.0180051268601,-11.6608143379579,-13.6558659633681,-10.7076414276433,-10.5051726074967
"751",-13.2300822616903,-12.5592202898417,-9.61820956758691,-11.9550385366457,-11.5394752235344
"752",-6.76351347525437,-8.43972160178593,-8.3438033971702,-9.60813711975476,-10.3364054437643
"753",-24.7604487023454,-26.0461201102796,-26.0460667342807,-28.0370231288933,-27.2023678543341
"754",-22.8555906126794,-24.7850833494458,-26.4648865202951,-23.2064710872776,-21.8428234423544
"755",-10.209055416894,-10.6633447081331,-12.636050580822,-12.6544134041704,-14.6345242014084
"756",-5.45483147678972,-6.0965093220541,-5.49398630563432,-7.89306300673831,-7.14840412312488
"757",-1.32801828613958,-3.17673916718391,-0.194271403674254,-2.93647185167509,-2.08668523466941
"758",-9.59535850846527,-4.81650190546224,-6.27015702528176,0.956953191873734,-1.01061750877334
"759",-18.4589640408245,-19.3437813156033,-17.2563453335468,-18.5811972406124,-19.1498266052816
"760",-2.24506345806444,-2.39376476493874,-1.60900184339121,0.540080647288304,-0.595547103904053
"761",-11.3305258201505,-13.2854309627527,-9.97835712337256,-14.0105183422323,-11.9692229007832
"762",-29.0700139850276,-28.7844183170321,-26.7279732828461,-12.1354674050695,-13.6385369313298
"763",-17.6758728349097,-13.0517216482377,-10.8712975658571,-5.95013977052141,-7.94127605662974
"764",-26.385025680902,-28.1468337022516,-26.5257743674605,-28.3588265185567,-27.5898393276758
"765",-19.1964667623475,-20.5013789577073,-13.7820997271775,-21.1305256879134,-15.4581478800543
"766",-7.93500739150664,-6.44606703694313,-7.45474454428545,-5.92550001008012,-7.67943191347623
"767",-25.3820309340107,-26.2116298026267,-17.0655436133171,-26.4499726003428,-18.830531664472
"768",-7.6756426141409,-6.5995451446026,-2.245235915052,-7.52310943964661,-4.22867424306232
"769",-26.3385523693597,-25.8621410406432,-20.6853794686167,-18.2925407175848,-18.6220551027181
"770",-15.5338412004686,-16.9785244450416,-16.6315487807326,-18.2280535666114,-18.6157267563443
"771",-8.56973505125043,-9.75211715356619,-9.502908007933,-9.46508627331281,-10.9046812949736
"772",-9.00037081437054,-10.6704519011271,-10.7715695291164,-11.8397726194835,-12.4929618262928
"773",-20.6963028969025,-22.2241998033407,-17.9875279022659,-19.3314826603846,-18.9597745623563
"774",-11.9486125943217,-12.9922485371496,-9.85220713712081,-11.629428905894,-11.8372197169184
"775",-5.26644972768575,-7.14500506195232,-7.50740791077695,-9.14113679420704,-7.97822147410679
"776",-29.384222711156,-28.1851959780797,-29.2511785712901,-29.5136898543386,-31.0891363858148
"777",-15.1774382240353,-16.0654645609895,-7.79932629368975,-10.4247426629478,-9.76497017817455
"778",-34.8837105791414,-31.3966829537599,-33.2013578755578,-29.4392381456422,-27.6686768423527
"779",-10.9835592207688,-12.8834995896938,-6.87233871446896,-7.75680204810592,-6.90650345548034
"780",-6.97602086363597,-8.22129466881818,-9.04057404972547,-10.0199309140765,-10.8792233618365
"781",-25.9002875822377,-26.9436071933854,-18.9972768729537,-22.0074756204292,-19.6752030362518
"782",-9.58207598155538,-11.5643363765631,-7.67909796573205,-10.6693271123207,-9.36842557541724
"783",2.00976573927151,2.24938746568255,0.706276768727557,0.251664560191803,-1.08069745918841
"784",-11.9774384020207,-13.9333841596477,-8.24733495200038,-9.21820334692785,-7.07602505528125
"785",-14.6551092466116,-11.5572361079003,-13.4936293385282,-13.3069827786327,-15.3069348063457
"786",-34.1276112858946,-28.2268241632143,-29.0700175822313,-26.1989077137453,-28.1802830766292
"787",-10.2604745062676,-9.88244722285815,-3.10818622031699,0.426052068978243,1.21889565752428
"788",-9.72393410556234,-11.6435807783988,-4.12284842124996,-11.0988937949371,-6.08656356865428
"789",-10.7952951877274,-9.93256313230858,-8.86645815125153,-5.26410628088083,-6.47195757444453
"790",-19.7667068901421,-21.6627811150224,-15.3310479695503,-14.4136670155056,-13.3362115636996
"791",-14.6293378946216,-13.4634059294418,-11.222115410233,-11.7652187605595,-12.0222973418517
"792",-14.3893364123626,-16.0488741647414,-7.75009673563539,-5.55166341462941,-4.88175246892259
"793",-11.3096844610501,-12.6867626246499,0.681590254802632,-2.82344589852862,-0.75955082443936
"794",-22.0638610886117,-19.2020074382691,-21.19695474791,-10.6678217938823,-11.9277342532132
"795",-30.4890467284299,-31.3762378945736,-28.3564575244756,-31.8062640603166,-30.1418875408723
"796",-29.3656569002337,-28.9022576794122,-30.2554451942611,-27.4770310530814,-29.2921960184086
"797",-33.6749954949455,-31.8610916137006,-29.3469296666707,-28.2241137586869,-28.4149586485719
"798",-8.14146644791357,-8.36749495945928,-10.0673719329426,-10.1501866985569,-12.0215276562025
"799",1.8807099515906,0.574665539609735,3.19914541665185,2.27615813154746,1.61927755033452
"800",-24.0786237943707,-24.4997303050722,-22.9034045157523,-26.4094945962472,-22.962133722501
"801",-30.2307634526022,-31.6899750995182,-31.8447669729316,-26.1638352524839,-28.135789159219
"802",-19.8302187479088,-21.1518045195907,-21.1911683116091,-23.0799777063482,-22.3852778993381
"803",-8.47719368091934,-10.3768642870327,-5.98516033071749,-8.21968581667547,-6.67750557019618
"804",-2.52158958244872,-1.42705741184367,-2.48408774045877,-3.21632193561522,-4.45395830159214
"805",-13.6017412233721,-15.5947213318251,-15.0902474283427,-17.1408825347187,-15.9964930745042
"806",-11.9823837194607,-12.8121105495675,-11.1097874478907,-11.6843299967923,-12.3204804743439
"807",-27.6008045190409,-29.4457221561871,-30.1892159653445,-31.2176509329436,-27.9946412922273
"808",-13.8207089646145,-12.8796978285126,-7.03954374596497,-6.12563956758918,-4.27070136401748
"809",-12.5578045493175,-14.5462958560719,-3.66267131359578,-12.6056233769027,-4.42005470569203
"810",-37.5146615303606,-38.4668708423094,-25.6601875660844,-25.8281663731712,-24.6005474498194
"811",-15.7560978462235,-16.2371900738095,-12.236094684931,-8.22865677689857,-7.23734570355107
"812",-26.5044460320111,-19.0993736453938,-19.8202555569131,-20.7461697269939,-21.0207917266502
"813",-15.3648145765209,-13.4056991744734,-9.26673359524342,-11.4299714970016,-10.0207277623489
"814",-18.1607361109069,-20.0441945145261,-10.7719590234022,-15.4821507916165,-12.5537360530379
"815",-14.4612516340099,-16.4222349447671,-10.6339285739547,-10.385872079669,-8.29817733399958
"816",-17.8914261606295,-19.7749518941682,-11.5480396361562,-16.9904272957163,-13.2806161810261
"817",-11.3746940065248,-13.2131726837033,-3.43854420486842,-10.2805055946536,-5.4272727977957
"818",-5.10471440572796,-6.10708171181755,-7.62449156764652,-6.63110244723341,-8.58382887954018
"819",-10.204946326971,-11.6096710896553,-8.20454189074367,-12.1045525411299,-9.85320890670616
"820",-13.4612182171733,-14.5907555210402,-15.7885953157974,-16.0733104100174,-15.2835924580606
"821",-3.22901168428992,-4.70083584143259,-5.38200854006804,-6.70076485616801,-7.05488171762555
"822",-29.1117117184236,-29.8961210054459,-31.351776296705,-31.6532212678646,-31.6033463470054
"823",-21.6988874239652,-23.1298717209483,-23.313855883077,-21.7810680919152,-23.2040639600375
"824",-22.8950644549225,-23.8724510699562,-24.876424797889,-23.9318492674424,-25.1121067664369
"825",-22.5356805585395,-19.0568305964285,-17.1329475169355,-13.7286179160823,-15.1853668862489
"826",-0.747315378472338,-2.4948613904022,-1.8427719668007,-2.14983852645067,-3.10744931873059
"827",-11.9334676836407,-13.8943707564305,-12.3792427784655,-15.8767012571272,-13.3099929190831
"828",-10.3309497857676,-11.7446650307313,-9.12266798183364,-12.047391387767,-11.0487411752684
"829",-9.03926765448632,-10.0520406797081,-11.475541667944,-12.0518959744131,-13.4412541272709
"830",-11.8437422016182,-13.1748022222138,-15.0399073772996,-15.1270576057646,-16.7954448497048
"831",-6.99477811455971,-8.65919987712088,-3.70306294530826,-2.46611333215992,-4.13077817038053
"832",-20.1372352656305,-22.1371423533352,-20.7545942930039,-20.0704279755868,-21.0198331444167
"833",-5.15385117721285,-7.14847089061912,-5.75406053561574,-9.07599017678629,-7.2791464308709
"834",-13.7073482472881,-15.7034133209498,-15.8260476955463,-16.4447002241851,-13.8046053897784
"835",-12.4059604556138,-14.4029759298971,-13.9525003673895,-15.9652681923554,-15.8914712236126
"836",-11.5299945806035,-13.0182207098119,-13.0088121372364,-14.8785605525769,-14.943307103911
"837",-4.78299481164746,-5.9769144809571,-6.57753324576957,-7.84721876089494,-7.9817086099796
"838",-20.9997998893221,-22.6913381258463,-12.3093362033397,-17.7352556219356,-13.5106341584148
"839",-20.2441754902833,-19.1165781016024,-9.50735766434573,-8.8077756906503,-8.66672231449355
"840",-8.90110926222018,-10.4467478840154,-7.88000640325361,-6.51541005174563,-7.52671096090217
"841",-13.1185330401255,-13.4968275953591,-14.342009834309,-13.8594484376765,-15.6721336498296
"842",-17.9154107516442,-18.6891802023398,-18.2732570945788,-4.3563527407135,-5.17834964514036
"843",4.07972387320907,3.92687486712337,2.89329292560299,3.03541650010221,1.24173703892476
"844",-13.3991348001602,-13.6655858063739,-11.5483057184264,-13.4646512182307,-13.0850440326339
"845",-4.43795523690424,-5.89862880403908,-4.4080337589553,-6.87024228068211,-6.36655129222999
"846",-41.2614996687987,-41.8911867890215,-32.0784001317437,-30.1080021744996,-28.5944453951599
"847",-4.37240214372428,-5.5296775743014,-5.14693008313415,-3.73980776564026,-4.11554267025166
"848",-45.602011766844,-47.3843098289799,-42.0985192213134,-44.5242023147608,-43.4807059283623
"849",-26.5550413463579,-28.5523966553783,-29.1341860444249,-28.8344191844937,-25.3372711797184
"850",-9.2932803627017,-11.1363624827009,-10.6785743662399,-12.1253677473128,-12.6669537332241
"851",-10.2871309096138,-11.2902025877551,-9.44530645411522,-6.248897610404,-7.71337030600123
"852",-11.7948778481002,-11.2356343581745,-10.9637280375431,-13.0531423393899,-12.9423199989407
"853",-4.37457787926321,-5.84243427467585,-6.58738459652801,-7.56293523888579,-8.49898370888797
"854",-10.6521924729121,-12.0292857438532,-12.7758256743142,-14.0184869254717,-13.3624469853213
"855",-10.1015090105768,-10.9008313746546,-12.3020773167711,-12.419811102627,-14.1971693139466
"856",-20.6690918400496,-18.2568632999955,-19.7516346005282,-12.9631493803602,-14.8566132187177
"857",-13.3581897349197,-11.9911979260346,-7.99465296319823,-7.01583793079864,-7.55431063209469
"858",-15.5934734002713,-13.0758067470818,-11.7770939265815,-11.4998370269185,-11.8732481755473
"859",-9.47875017625303,-11.3290816622664,-12.4760267810673,-13.3285330216824,-13.9850733565305
"860",-31.0309231040144,-32.6221865202248,-26.5777398562997,-32.6893536957752,-28.0003233466456
"861",-29.3502627482066,-30.7205399921309,-31.8424963116927,-32.54599206562,-31.913496231804
"862",-42.5122380194074,-42.0264350944515,-35.1640209148518,-39.6495067864843,-37.0340172231396
"863",-27.6211306625231,-28.6548612816834,-23.1504451533416,-23.9135695827252,-22.6268087982061
"864",-14.7009861039611,-16.2916325728348,-13.3896979942917,-12.496607489763,-13.5082397881043
"865",-6.28718055596771,-7.89505937498263,-5.17809926693171,-3.42061792165422,-3.20479161994708
"866",-5.23395710022137,-5.83645616441352,-6.24760256110346,-7.30994611026436,-8.24760253617345
"867",-4.37019504045071,-5.68005826300377,-1.87359963071562,-0.981335200566259,-1.10133202647779
"868",-19.3372545380628,-17.5780396129374,-15.7628593593692,-15.871378151625,-16.7833405076587
"869",-19.6625935621618,-20.7867466150354,-21.1365483230975,-15.6848228263542,-17.6058652714058
"870",-8.98748986396066,-9.86650846828383,-2.72613070207766,-8.24230980688738,-3.67553013252029
"871",-12.9181495439691,-11.2705801789684,-10.7031855212224,-9.19975717045198,-10.7126399731865
"872",-23.5333146126959,-21.6757712354375,-23.2209213303679,-23.6550212599,-25.1831336616806
"873",-31.9073986980609,-24.2197595035425,-26.093686783511,-23.5527300021411,-24.9419316036581
"874",-20.3246279655658,-22.3219381892017,-21.2334309027531,-23.722492217885,-23.2313706619188
"875",-8.76628780394321,-10.0596792079233,-10.5497528066813,-11.0335360251235,-12.5178839454402
"876",-19.3404250210019,-13.8065509797613,-11.2999120504777,-15.7436008887564,-12.9588536858313
"877",-22.1963449910769,-23.2281189079919,-21.6682863462837,-24.1306638047112,-23.666679375051
"878",-13.8143544692289,-15.4143680732652,-12.6795673509811,-15.0922020676097,-14.6673504641708
"879",-26.8241879227128,-21.5242502883567,-23.3341283809236,-23.5111851467136,-25.2723564948191
"880",-20.8913830988557,-19.7511801376394,-17.6927077232356,-13.6423185704377,-14.6222211255472
"881",-3.09391552521437,-3.95798359899513,-5.08637621648089,-4.62181101159201,-6.51163901060115
"882",-16.6167090358881,-18.3494592461467,-17.8704784421504,-19.9620386929157,-19.8704724956913
"883",-13.4811160023869,-14.4377834142476,-14.0033868291274,-16.3541942597157,-15.4807524035734
"884",-9.17545412231448,-7.71782727436739,-3.12527984156742,-5.07605026141624,-4.93481350756222
"885",-16.5984124817341,-7.36443100343072,-7.14993793759623,-9.35686161515763,-8.87789988953322
"886",-9.81273303873642,-7.26322554040703,-8.34524625371422,-8.09124688485104,-9.93139672725965
"887",-10.2200221936173,-10.314866269598,-7.37836184047475,-8.05345687714508,-6.78642493892519
"888",-5.46339476570677,0.829696516594634,0.0191703490893502,-1.13331604945293,-1.57225389562304
"889",-10.645356415319,-12.6019750074075,-10.3473222949474,-13.7396862061723,-12.0939413385492
"890",-32.7299880926879,-31.4465870129313,-18.0891176090138,-27.8017904744653,-19.7058267150066
"891",-4.72124006544697,-6.26655203041729,-7.04198332149854,-8.2317807801608,-8.14383873653886
"892",-6.32772118149688,-7.16848656639046,-6.88560505041907,-8.34262164644661,-8.64403395034738
"893",-6.85134459791638,-7.50019103427351,1.67614552222761,-0.0180102874843211,1.52756851232628
"894",-10.2123880081846,-12.156746169113,-14.076854421081,-12.6166805674795,-11.650685487535
"895",-4.13554332161701,-5.80500898246668,-7.60631385879183,-7.42191112400846,-8.40797055041319
"896",-13.6873824107222,-12.8738463316846,-9.90971723598823,-10.6949177387232,-9.21648153521165
"897",0.128258260172107,-0.292180463246428,1.0195809073395,0.139142083653486,-0.355107863071177
"898",-31.8872225354217,-30.5024211996374,-29.9888476259881,-29.3338235166373,-30.6309493669104
"899",-15.2668038226288,-12.9391323347614,-12.5321080291203,-6.92072892373176,-8.01101226652619
"900",-35.5045375053612,-35.6031341990328,-37.596948275974,-31.0456367386515,-30.8301675829952
"901",-29.9360337707185,-23.3503103940025,-16.2038030745312,-16.6937254827961,-17.0609077859361
"902",-15.2263841964582,-16.9315880851681,-17.5276183289173,-17.0722834129279,-17.9272827626206
"903",-28.8307216469988,-30.3600207679141,-31.2716404307183,-27.8851270278857,-29.8531287441875
"904",-18.380713680452,-17.6465923299627,-10.9194115478606,-13.1424701035042,-12.2314165078517
"905",-21.8396900392679,-21.970485380003,-18.9689598968808,-23.609252973894,-19.9815394108756
"906",-7.35541264357371,-9.22947968170259,-9.82891063328956,-9.18516072180556,-10.8717387417971
"907",-13.0986574749,-15.090134381448,-15.119405112351,-16.496119803593,-17.0739649722759
"908",-17.6948524899532,-19.244456298136,-13.6263850127466,-9.20605175542993,-9.67401345400117
"909",-38.7001003045529,-37.4896688801855,-19.6132885550693,-18.4175085472587,-16.2653520760818
"910",-11.425599985134,-13.2129213519912,-12.4272994281332,-8.49038084242003,-9.79339002521615
"911",-6.9959163166075,-7.46776224245544,-9.10923185979862,-7.02388032427867,-9.02143770585029
"912",-28.2283441117955,-30.0790463041333,-23.2441444698149,-23.8362047664746,-23.2829996609758
"913",-18.6642111662112,-20.6046458063815,-7.49986665219297,-12.3226384064807,-7.54740897231338
"914",-6.34311260428938,-5.72455376769869,-7.10544641689357,-7.28920638798927,-8.98282591366975
"915",-22.4561780394022,-23.5862155957444,-19.1545273742601,-22.3322027725172,-21.1446371371021
"916",-41.3721389709255,-43.2503170321709,-36.4920823669794,-42.0174576012828,-38.4448936254552
"917",-14.5875448936716,-16.4011183899025,-9.55434568232068,0.145735148611474,-0.378856671703256
"918",-16.5308163375465,-13.9407157882182,-11.8660121357052,-15.3390188678911,-13.8391872417516
"919",-9.10879707372399,-9.61733605863661,-11.3968841181091,-7.67085987566031,-9.2790632395416
"920",-3.54136054092121,-2.7999634837694,-1.36961976166447,-1.11647819138237,-2.24707219788145
"921",-9.6531934014621,-10.3101908073396,-6.61591652682721,-9.74499277816725,-8.4968648275879
"922",-20.3500445929283,-21.9560667131267,-23.9442521481555,-23.1128458557829,-24.7714094200325
"923",-17.848548550645,-19.7706039831582,-18.4642012463134,-21.7642517426752,-19.5760651056176
"924",-24.6212199056645,-26.3183152343199,-9.99742649720891,-13.3581219419318,-9.72055808792001
"925",-9.33684877611699,-8.63881297207759,-7.28854572596678,-3.53557134932377,-5.37357100911033
"926",-11.172609541033,-8.40823311863096,-6.26026115391868,-5.97740189544069,-6.88612639664666
"927",-21.7361405223996,-21.853496095272,-17.4882590511097,-17.4580392770064,-17.3894687940365
"928",-6.30167662005918,-6.9791607983203,-8.58412508704941,-8.93838931182381,-10.4799614588174
"929",-11.3782450000708,-12.7451861008792,-13.8847103202762,-7.64685387586657,-9.63986585715558
"930",-36.3002422373316,-38.2852169866865,-33.1847495965973,-35.5936071455461,-34.740685763436
"931",-13.4287146908785,-12.254178498884,-6.99758081537801,-6.85839175485769,-6.82030979845486
"932",-35.8233210690089,-37.6797304603834,-38.4552804405963,-39.2168388108939,-37.9204221309294
"933",-27.5702732172655,-28.3402188262307,-27.9696818573434,-30.3218139507363,-29.1178098456872
"934",-2.56180057856651,-4.25824694843148,-1.42183205305924,-5.18517903330374,-3.33597979438209
"935",-13.4600493130471,-15.2924806013269,-16.4667856827564,-17.2662787788355,-18.4380283911245
"936",-16.8346355272373,-18.4214393980612,-11.6989424860268,-15.5283087406137,-11.5516479426307
"937",-18.39867458447,-16.0517978323796,-13.1369748609333,-8.94095118667066,-10.7588867488209
"938",-5.8313645426838,-2.52204592564213,-4.4814142070612,-2.63514650423671,-4.39384661474734
"939",-9.61234671440861,-10.7690584278859,-12.607650241445,-12.0882624027284,-14.0877462157943
"940",-9.67044716781717,-9.09272196415827,-10.7170495743637,-11.0457590823641,-12.7170252975049
"941",-3.89841764634322,-4.24388825281879,-6.22994848440592,-2.78854015733656,-4.66568923440929
"942",-2.86143920718586,10.1232796706113,10.1417693909289,9.22689113449495,8.4374949920822
"943",-6.76800425272326,-5.2387423808243,-4.68058956758597,-4.18996648248848,-5.98081369860651
"944",-16.0444729815197,-16.801619222167,-9.95858604540309,-6.89129292888151,-5.62500283887965
"945",-18.6292605301331,-18.4310198977898,-20.2290336086597,-20.0670896631014,-20.6809448484899
"946",-7.09151558412056,-8.67621070616938,-7.5030367204239,-9.5261817612433,-9.49053226443292
"947",-11.1791529491917,-12.2155782348194,-14.1285648009568,-13.3689196681698,-14.235333400477
"948",-14.4766668434871,-15.4021451700901,-15.589031754848,-17.3933441579248,-17.3386144430844
"949",-20.976269351445,-22.3904196893304,-8.40625158505635,-12.4426815441389,-9.30570742556592
"950",3.58730259437783,1.897545410205,6.94281707076049,4.419634467148,5.20688146412762
"951",-14.7335145192109,-16.4495490893154,-11.0108606312847,-18.2597266162861,-10.7186043686655
"952",-29.4780760596058,-31.1685828339947,-32.5580055556642,-33.1468286086129,-34.4829618539268
"953",-10.9963215968533,-12.7134775089892,-13.2211236125069,-14.6088569079622,-12.5116519952838
"954",-1.07353872960756,-3.07292271902702,-1.99276840608866,-4.61198285531328,-3.23149261668799
"955",-8.77152461215326,-8.51690914615421,-8.62075753460726,-2.85478615395421,-4.48468765674613
"956",-0.16223799926123,-0.758837500106463,-2.14996566123864,-1.90188647569603,-3.68746233807127
"957",-23.1763938311234,-24.0871165038171,-23.2784119076101,-24.7185372470414,-25.0782268419784
"958",-20.6093214354799,-21.7613502441094,-16.5087849796011,-18.4186863498833,-17.0739649722759
"959",-27.5437839674447,-29.2466083781454,-20.7283457550968,-26.6117355342075,-21.3055217732097
"960",-10.9785980221355,-11.332106762132,-11.8061636927512,-11.4202438822684,-13.220340713655
"961",-16.7965409060373,-18.74348579471,-14.0855020214514,-18.6430340465518,-16.0813845059544
"962",-18.459987856265,-20.4598081529741,-21.2498844606934,-22.353550811803,-23.1919334833593
"963",-38.4607497631706,-38.013276059885,-32.4692941211788,-18.2698824832594,-18.4830566206598
"964",-5.96648224800384,-2.63831992184868,-4.15242169744011,-4.44467458313862,-6.13720718450698
"965",-22.8298738333552,-22.8064549230184,-24.8062787112569,-24.6952025455142,-26.6653268899496
"966",-20.1998866722167,-22.1259755399779,-20.2052040768178,-23.6979911919829,-21.7871149201784
"967",-33.1398824426928,-33.370368878687,-34.6649227512768,-33.482890809788,-35.4677797739431
"968",-12.3073874202763,-14.3045549463882,-7.7569032076972,-14.1387378388556,-9.75622957162865
"969",-6.91080425005554,-8.34318849938524,-8.98159114300693,-10.2676116494996,-7.12654037110695
"970",-16.3334637327437,-14.2993647139115,-10.9967553656087,-16.0380246153412,-12.9856366563502
"971",-9.03749569412024,-7.94939735507882,-6.02019592362477,-9.55109234444124,-7.9740373025181
"972",-8.98679721973717,-7.81124565471678,-6.43505142274511,-7.03177290829508,-7.68497095698642
"973",-16.0006197371737,-16.141991531712,-10.4743678877393,-7.06465939627267,-7.19695599556868
"974",-17.5454600792067,-19.4088753309922,-18.4965938756408,-20.8500519303595,-20.4865170676713
"975",-20.8837991004704,-17.210970263605,-19.2100645997096,-19.19663330184,-21.1869646866147
"976",-14.4284372494161,-15.8751040112639,-15.1555444477619,-11.8340962467853,-13.3735822379699
"977",-16.3671740713658,-17.1940508447116,-19.1842069212271,-18.2457321871862,-19.8127246954178
"978",-25.4979088088189,-25.7644463267572,-23.1294795260121,-25.9927208620867,-24.9176784234182
"979",-21.6684081050801,-18.0217849028877,-16.059449882681,-19.6798791645017,-18.0421150619231
"980",-14.0602446910618,-12.8905339601084,-13.0587906489098,-14.6041215465667,-15.0276999173376
"981",-16.8342223185075,-17.4849445815899,-12.8933616663323,-8.21378518039035,-7.59919976128296
"982",-15.9387296562504,-17.8573394158015,-12.4025988181939,-12.317557083292,-10.7432166755577
"983",-14.5049054583252,-14.1528348605368,-13.6427034492114,-10.655233746221,-11.1473233362859
"984",-5.16674703120857,-4.41100795991114,-1.67088577525922,0.94811011174485,-0.805777022275983
"985",-19.6556538336192,-21.1245234956708,-19.3966892510544,-20.5660642797723,-19.9843433089789
"986",-8.41407910993813,-10.2869258233608,-5.75935089710136,-9.58399850955617,-7.36837239349958
"987",-16.1694004551242,-18.0442990924077,-19.2790518899484,-19.5222545314611,-18.8114528115179
"988",-23.3348126191838,-22.7462992824366,-23.7114790735395,-24.5102475927525,-25.7085080761384
"989",-15.9697580864791,-15.28692843264,-11.2605019958226,-11.6182365338386,-12.3538324119385
"990",0.875660716651954,-0.259976502218509,0.741585871505834,0.628813550376518,-0.25505068224351
"991",-33.8184811283559,-35.7550101853693,-34.693458783292,-37.1649093169194,-31.8260681668723
"992",-11.1899777000246,-11.336640759876,-11.3398054489072,-11.766635241403,-12.8244157364029
"993",-16.4403790091335,-16.8436229836524,-8.72893510930001,-15.2260047215092,-7.97891887755467
"994",-2.32029706481188,-0.684431449524764,-2.65842528923586,-1.85320072012642,-3.34656775272711
"995",-10.0474301519838,-11.3231416478188,-11.894423800554,-12.0169778162498,-13.408598447711
"996",-9.6263757026459,-11.577625199218,-3.18476736528137,-6.19225437492604,-5.11651687555291
"997",-11.4805320969488,-10.361237390655,-10.1048729558156,-11.0176298536865,-11.9799860735433
"998",-17.0801521091421,-16.5219689638489,-14.276180273659,-17.7727966032816,-16.2337804660763
"999",-32.3210998185397,-33.1879510178,-35.1838248151772,-21.5171385461338,-22.5073564460596
"1000",-14.9972960092446,-15.9673173685152,-14.8674806935808,-17.6082289103379,-15.3394695249765
