"","mon_mnm1","mon_mnm2","mon_mnm3","mon_mnm4"
"1",-38.0216242032854,-40.0215812024668,-41.6657023829871,-39.5671111871868
"2",-0.307998126601305,4.59078637557455,2.61732191297509,1.02562817795202
"3",-26.2304822435995,-27.7888970716522,-27.6813049443616,-26.5565633111147
"4",-20.0734200093949,-20.6115634931562,-21.6938141359606,-16.8387038378704
"5",-2.70113826970533,-3.87755912400026,-5.41943935491415,-6.16321966290938
"6",-9.13189640783637,-8.29372085383651,-9.89889847945042,-11.7400242819743
"7",-3.47902947635309,-3.43370056961571,-1.70252422273555,-3.42824916000786
"8",-4.329479167658,-6.30040986171844,-3.40403816458587,-0.286834301529722
"9",-8.44633355622594,-9.04141783114416,-11.0379147276849,-12.6943290430479
"10",-35.1488793548361,-36.1108234429736,-38.0472241091748,-37.5027565828472
"11",-9.55199324396235,-11.3225656560671,-10.0548729403627,-10.1190702718187
"12",-20.6786940539156,-18.9226587773519,-15.5804270352932,-17.0043746472924
"13",-0.85886805234273,-2.67940255110014,-2.87957079384516,-3.93505257717812
"14",-27.1821908551585,-9.69662606874131,-8.69658264375607,-10.4814440385063
"15",-36.6791858340547,-38.2269142150803,-25.3258946270307,-25.4759578231965
"16",-8.44752824830392,-3.05961292170232,-4.94320062465076,-6.29754631666922
"17",-9.82644906130745,-11.7335594947768,-13.7300243454708,-10.2994877946349
"18",-21.2376756983241,-20.7591571933466,-22.7481157915893,-24.5649971058599
"19",-10.0054436641293,-10.0058180725919,-10.3880223542234,-12.2577283245343
"20",-19.0775152732979,-20.9659066799333,-20.8856838445796,-20.993959892106
"21",-4.17690260533723,-6.13357243392348,-7.15240395655297,-6.32098158452646
"22",-11.0113073037236,-12.2036382959632,-12.1670248306703,-12.1997099942708
"23",-25.854093462465,-27.8435672678341,-23.5646342777784,-21.352847487231
"24",-18.0785503542651,-18.3516987923579,-14.198029570065,-15.1438167590559
"25",-14.773620523668,-16.3055389862383,-17.8926752702489,-13.2956989038309
"26",-19.7912802819524,-21.7807904092512,-21.6172730284869,-18.9023841180581
"27",-24.3651759555202,-25.8587672434849,-27.6606955319984,-27.5044156051325
"28",-10.4205433623158,-12.3708619648327,-11.7384443516224,-13.3115814506602
"29",-7.40271109252386,-8.9416425621726,-10.4586480102971,-12.195072072658
"30",-2.74333652811077,-0.453518046372457,-1.45139142434335,-3.16260224830826
"31",-24.3408295244632,-24.5661089096172,-25.8097193794386,-25.1089293339558
"32",-16.68893142724,-14.2540680169521,-16.2540411842658,-11.6537365935623
"33",-9.10490475031763,-9.13187075480908,1.77524642144152,0.0476781317182051
"34",-20.8077665131163,-21.8041720952384,-13.5770958620333,-8.22654810229756
"35",-28.6502860048229,-28.3602615772655,-30.3373444645481,-30.7012940077429
"36",-8.11030318414745,-9.12380201304254,-8.97702997779514,-9.12888386958274
"37",-29.9560025567658,-31.7664232790559,-33.6897031634923,-32.1190607101158
"38",-28.7642650887199,-25.9340924041697,-24.5361728955989,-26.4973591078654
"39",-27.1286624379056,-28.5817085646705,-28.7362894925192,-28.443669732223
"40",-8.44626420903031,-10.4337710069705,-10.0299186966486,-4.90827440448135
"41",-24.4668998844632,-26.387278216377,-25.7972991643961,-24.6099629969959
"42",-10.994901276827,-9.03684576438842,-10.6019965649764,-12.5849373025937
"43",-5.81723923871612,-4.78110933587137,-5.60283932782264,-7.33540480649842
"44",-24.0661200275955,-25.2458298823823,-25.7665594684952,-26.7589405227217
"45",-19.0872183621044,-21.0674587507295,-20.3656994105452,-20.3316359694991
"46",-11.6794257664702,-13.1542315965752,-14.5494664778147,-15.8382162292688
"47",-22.4203684471242,-20.6719163959536,-19.8005656222307,-19.1855596488744
"48",-10.4899124963991,-11.7769080200751,-13.7386655758858,-14.8780632061276
"49",-2.81292310831702,-3.9940553488407,-5.43020066293312,-5.91775973822471
"50",-27.6286420533986,-27.6399468752123,-25.7895166433242,-19.6520184980242
"51",-11.3706908965489,-13.310888334656,-15.3043008452952,-7.82577518263444
"52",-27.5011200925551,-29.2924438094395,-19.1748744385626,-9.3597690900589
"53",-14.5485315640385,-15.548079882219,-13.6928536638605,-13.2385726246326
"54",-6.17298998882012,-7.95042077718359,-8.77051504611497,-7.67804726951536
"55",-25.8766311757014,-24.6212269049825,-25.7618081852539,-25.3362061754973
"56",-19.9142790160228,-20.6075427530887,-19.7206931215918,-18.585906273009
"57",-24.0071371341647,-24.9952417630001,-21.009327861979,-13.942301550941
"58",-8.8096826348405,-8.42601309369287,-8.92852832703075,-10.4518026259948
"59",-15.9153866101617,-17.8991297103469,-17.6101463750914,-13.5042494816261
"60",-15.0872480587978,-16.6901770535035,-17.6265933417812,-15.6872808114484
"61",-21.4826151067623,-23.2529473461386,-25.2052801469485,-24.7672079546397
"62",-7.59184191791697,-9.11392646435786,-4.51288988494538,-2.73510057565467
"63",-27.6365072485252,-29.0214781016446,-31.0212716705292,-30.7608172986444
"64",-22.1305800148276,-18.5450256345881,-12.2180264315745,-12.179616121934
"65",-17.5552768207872,-17.9542139795288,-10.788965772256,-12.2685675118472
"66",-10.0405538729479,-11.9323552873422,-12.0548551151948,-11.3701930841617
"67",6.87228381478895,5.76573859917835,6.46991416058262,5.93801017023017
"68",-1.82062143296656,-3.23463745714402,-1.33044193517038,-0.200209670737133
"69",-16.1739739942512,-17.1706502259828,-19.0312868647967,-19.8667443756614
"70",-20.4635121871119,-22.2728992462956,-23.9179818388611,-21.6233603340449
"71",-4.77074326162266,-5.14829447656636,-3.72040663224854,-5.59932949480635
"72",-15.5106706089562,-17.4286057736432,-15.4445656110464,-12.01306206757
"73",-18.609332928036,-20.5935659438444,-19.7948559162149,-18.7053185634124
"74",-9.92556550878469,-11.3742732574957,-9.9930324468387,-8.89358602783909
"75",-22.8836661680776,-24.1754995509161,-23.8659792226435,-23.5665971274323
"76",-5.14058097353957,-5.5220204787194,-7.51482794815531,-8.96639118615637
"77",-16.8636831405503,-18.3705799305093,-19.8897455507753,-21.6798207636901
"78",-20.412946168853,-20.591780691468,-15.2548741514691,-11.607231879533
"79",-15.4002168554942,-14.638970825226,-15.572268538863,-12.8966901371841
"80",-14.2981475105038,-14.5031031351986,-11.1411474580894,-10.5727258768688
"81",-11.4456518174152,-12.5856506443924,-13.9039967113627,-12.3390921637121
"82",-15.5524702666178,-17.5479587462859,-15.0641819306745,-14.2418329546371
"83",-18.7916436534899,-17.9707002528244,-15.2192665433351,-14.8203387854016
"84",-34.0150960584568,-33.3692083910595,-34.7181784018975,-33.0339368990833
"85",-6.19566360858837,-7.9032546845477,-3.3640283353101,-2.99921843385443
"86",-17.3822989872816,-19.0651369135837,-18.9843797945808,-17.2781973428073
"87",-17.6251495956402,-8.00476464561581,-9.84262551153697,-11.2106612799167
"88",-31.7081627547131,-33.6473663605368,-35.356119033552,-36.3080860318778
"89",-24.2738625076267,-24.7576609284395,-26.6519049481356,-24.2495348520161
"90",-6.96235766369139,-8.9407879979664,-10.6798872760202,-8.96639118615637
"91",-30.299457447426,-32.2472002033142,-22.9028523670403,-16.2295158963259
"92",-36.7578190931549,-36.8928373775414,-30.2133922127733,-25.1852557599705
"93",-0.860954422247312,-2.40663908417465,-2.14960578091538,0.629555061018564
"94",-20.2970239698208,-22.1715922077974,-17.1622404753385,-14.9185187113784
"95",-18.3694309477517,-16.9821372581405,-16.3308194527741,-16.1153903552507
"96",-33.6023150298279,-32.9373929396466,-26.7530704308018,-28.3816789602287
"97",-16.0665485053702,-16.4379932258783,-8.5193417161991,-8.5817056090126
"98",-4.29844426187895,-5.74532576407461,-7.60586527394437,-5.50401806662214
"99",-19.9589303849516,-21.9068466808672,-23.8674971056534,-18.5497892868821
"100",-10.6831998521386,-12.6812153390308,-6.83473869344733,-2.16347164290361
"101",-23.408432175131,-25.1361163793197,-27.1117894892834,-21.9250584269434
"102",-7.16945096921666,-8.92312483862108,-10.8989861317221,-10.7245696319297
"103",-25.3869960699793,-27.3797007168572,-27.1971159844986,-26.0343604716048
"104",-19.8364001215182,-21.4188896986838,-21.8789776249038,-22.1648711731626
"105",-6.34053677962896,-8.02004631483739,-10.0134624039922,-10.1021738094443
"106",-18.9864313184329,-20.8976111544642,-22.6101144123396,-12.2585024571753
"107",-21.6060496245998,-23.2830237512233,-20.3202203121114,-14.9474399601213
"108",-5.91479482855409,-7.65391643801025,-9.49662228593067,-7.06783924399359
"109",-12.239671571024,-10.6186952562521,-11.9820166099857,-12.6192861241
"110",-20.307139818979,-19.1595080127215,-20.714370235949,-20.6590850243806
"111",-3.58917541705624,-3.20594968030216,-4.68488863526135,-6.57291798005271
"112",-27.6678851760138,-29.4389127713977,-13.5746388225414,-6.9452477905336
"113",-26.1003980718671,-27.8768186395231,-29.6384277447487,-28.5564114626813
"114",-6.61521775038637,-8.44618964605757,-9.70864656215259,-3.85487887021601
"115",-14.2891385094,-16.2103092487934,-17.1627183738369,-14.67309776325
"116",-21.8387621706747,-23.3857162232827,-24.6884586580757,-25.3362061754973
"117",-14.1872161870179,-15.240127956403,-17.2054030671034,-17.9664142377935
"118",-11.791193029728,-9.4393198491532,-2.67508630126974,-2.7959000116059
"119",-1.68033566546018,-2.83182968139544,0.895732343212119,0.621074232487237
"120",-17.4821823613592,-19.4342330959769,-11.7121426876098,-10.7275525890601
"121",-9.44987214119192,-11.2391513584582,-4.0690205465661,-3.50696678517583
"122",-15.283884316534,-17.2759418347137,-18.313612302949,-15.2519347980979
"123",-39.2948270467433,-37.6637573324757,-18.3289345631124,-16.1230455598785
"124",-18.2592442222713,-19.5270794681828,-19.9424710119975,-19.1910598053912
"125",-10.0026709781442,-11.9970281046508,-10.5189130911872,-5.6039363473036
"126",-10.6676199012213,-10.9100318161332,-12.3985329281665,-13.153032170538
"127",-42.9047880559596,-44.5940728962107,-37.4671302324759,-37.8365479481799
"128",-22.7621930615156,-24.4497665285782,-18.7803266208375,-18.4920682038774
"129",-22.9687861050019,-22.5063378461617,-24.2381993148873,-26.1384875116999
"130",-50.581534710702,-45.8993427834735,-45.3279088999959,-47.311406199817
"131",-7.6862220457376,-9.39469150629445,-11.3942176424754,-10.0236599466487
"132",-34.2934745993411,-34.0882571221405,-27.8431180602901,-28.2854347845782
"133",-8.20741358559324,-10.2059813057527,-9.00486007556233,-6.04995256019011
"134",-1.90912852161329,4.34538270754029,9.96791435068973,8.2740819382145
"135",5.39101037076208,4.19675562777746,2.25736001424864,2.31202982079651
"136",-0.35256668494161,-2.35240457960434,-2.77706792569781,-0.977092183594723
"137",-20.2834471413524,-22.2673179415066,-18.0706855129846,-12.7373843506352
"138",-7.54465126846992,-8.64711389821299,-9.26791184918597,-9.95261352629844
"139",-13.3880283752679,-14.822420878536,-16.7574946227089,-17.5353670379852
"140",-15.4340849441714,-17.4317983361196,-18.9651733045732,-19.5039471003734
"141",-9.64288418936272,-11.6398039719154,-13.1838833420345,-5.78731396170628
"142",-19.915878687235,-20.0122442479983,-15.7389753546436,-14.9581873363511
"143",-18.6694468231654,-17.7947635212845,-5.24610675260353,-5.53488785269683
"144",-13.8186654456786,-15.8168307849819,-14.4605104216268,-11.9269663407178
"145",-24.1730104316042,-12.6686717447457,-14.3722858241664,-14.9350426410731
"146",-1.06543130233984,-2.40870969037602,-2.93311104933603,-3.93568448871051
"147",-13.3807198479836,-14.0107007512187,-13.0899203483376,-11.3482300827037
"148",-12.3356407112237,-13.9105305916542,-9.09442240638821,-9.54194020575576
"149",-22.422462413487,-23.938739084959,-22.0091298046328,-22.2556577703809
"150",-14.1472426049421,-15.2113605951285,-14.6314434545085,-14.8780632061276
"151",-7.35309024033631,-7.86419277097152,-9.77802582954643,-10.2309092586688
"152",-23.030298220993,-22.7901476012978,-24.1009621818271,-20.7761232927002
"153",-14.5434600407804,-15.5619745232924,-15.4804676059018,-15.3061009221742
"154",-15.3143487560532,-16.1995963123792,-15.4705173845385,-16.8447637401206
"155",-18.4272208296043,-20.3821449079444,-17.9781194821721,-14.3606311642903
"156",-27.4127201602488,-29.2480885607232,-31.2412591965392,-28.2739921789389
"157",-15.7427538619653,-17.3681993003585,-19.1334979873121,-18.3813631413926
"158",-9.94999710161041,-11.9160093334386,-13.2552320466652,-9.78464335851632
"159",-21.9675262951897,-20.4398414885601,-21.9982279733713,-21.6535277873125
"160",-13.1481948122577,-11.6716924042796,-10.5663272217506,-10.6783615269877
"161",-24.0550371089753,-24.2687918809852,-23.0944246508712,-24.4387291736876
"162",-16.1486413039287,-14.6862469735055,-11.02697576295,-12.9911529698466
"163",-37.0210080605124,-38.0432117961329,-35.7510650704788,-29.8055952625431
"164",-27.1809693664091,-27.6201565335947,-15.8246194313822,-13.6065238121332
"165",-22.2803130826565,-23.9996043172207,-23.3049314710171,-21.1850397587992
"166",-3.65613922527122,-5.26802438035802,-4.01719097795047,-3.9856363011892
"167",-28.6630354313568,-18.9725882922155,-18.7223855529362,-20.1332249771488
"168",-22.3493187223516,-22.9576546991832,-24.3150693336298,-22.5192860324878
"169",-11.1738174575467,-13.04925183223,-8.10301626915664,-9.62389164238189
"170",-17.1245419141974,-19.1156477477266,-20.5067131222277,-21.5329909277692
"171",-9.3859978125843,-10.7636635060425,-12.1076203889791,-9.8546689946677
"172",-10.4941538554042,-11.8582109613303,-12.6211635651381,-12.8966901371841
"173",-0.520726784138338,1.16557403041718,-0.523709025492943,-1.38181054096109
"174",-28.2975421338363,-28.2682318349641,-28.5563054473346,-26.9734039107731
"175",-6.90475316911251,-7.92060926782846,-2.93747697859634,-4.3095829576409
"176",-11.8280951689977,-12.7795247205542,-14.7781191273393,-15.7344411329673
"177",-19.0813322382881,-19.9905157186057,-21.6263713488147,-19.9899516805081
"178",-30.79335670807,-32.5040544716056,-17.1186224091606,-11.1623949265083
"179",-1.95461653486058,-3.72319522333461,-2.86531785816125,-0.426975680910098
"180",-8.31407554128891,-10.0510783026114,-9.74690228609832,-8.83087745054226
"181",-2.46717829627445,-4.26224444489281,-4.33820399343896,-2.82910138106465
"182",-44.1856212089421,-40.3315138019832,-26.528757271652,-27.8607728833157
"183",-43.8578358759001,-44.8690795811923,-46.6847268504095,-44.097057950699
"184",-24.4725784001267,-24.3925816958801,-25.3387001599372,-26.3268034100596
"185",3.28229143935749,1.28239856727591,1.76369930580376,1.47000755360217
"186",-13.3174233431996,-13.9197401023055,-12.8502616718667,-13.5569528232554
"187",-18.4904803516627,-20.1355706507648,-17.6094516939855,-17.0670006220882
"188",-13.507669309728,-15.3496873954531,-16.229731936126,-14.102319100115
"189",-23.0905686067936,-21.0224434092583,-12.5374538210615,-12.4058535152048
"190",-17.6463066717323,-19.6461586575186,-12.3706892568332,-12.1556709069993
"191",-12.5465630803223,-8.13661088145901,-0.131006216966512,-1.94497828770518
"192",-19.4809200287428,-18.6801679565463,-17.7144200355356,-5.1790010126149
"193",-16.633543346084,-18.5682714855289,-14.636261386085,-12.8322654808315
"194",-12.5182165264719,-13.8486603834303,-11.5063122854472,-10.2670277382395
"195",-16.552581482884,-14.0654796112266,-9.04232418167679,-11.0314572922789
"196",-6.52600968888715,-8.41001393162243,-7.22077362147624,-4.81197181667727
"197",-7.40587851058821,-8.81451011083264,-9.34104414741206,-10.6768718096705
"198",-9.33960983289295,-11.0677505806501,-11.2200158665899,-9.22366997761733
"199",-24.2126418839379,-25.927874886526,-19.7004688469398,-19.8611528311591
"200",-29.0067099591384,-30.9711365245477,-32.8751274592102,-34.725953219382
"201",-16.41406325171,-17.9687575679263,-11.4045084056525,-10.4636566195722
"202",-19.0101727221362,-18.6340528824863,-19.8786420374204,-19.9404375870146
"203",-19.7007380156213,-19.6556601956351,-21.2113494415144,-22.1422058999652
"204",-16.0395484796638,-14.8554015897855,-15.8605902319604,-15.1396640613181
"205",-35.9470649097267,-37.52033751749,-38.1791491401859,-37.9349005546974
"206",-11.0375800818387,-12.8330359942556,-12.1572635099842,-10.2618660069845
"207",-16.265259636625,-18.1377699332546,-19.2674069222292,-17.9628552872476
"208",-14.9036923308699,-16.8228676715387,-18.7534765512462,-15.0235589632987
"209",-18.5836165109458,-20.5836082351743,-22.5749479678315,-16.7030236803228
"210",-14.3356132840172,-14.3432259027066,-6.50532345126411,-8.00054427045228
"211",-12.8637813140105,-14.833561149588,-11.0987374254718,-8.19078035941796
"212",-6.40297493505735,-8.09439839994537,-9.4789196649238,-8.13473688283126
"213",-15.1955663364638,-15.6904465317077,-14.7429205376274,-16.0992340599974
"214",-18.2122444787797,-14.0926853602653,-13.1801149093717,-13.2171707739595
"215",-19.9625655783018,-19.1468301783019,-11.7332548840873,-13.3099929190832
"216",3.4510267764954,2.16753028057507,4.28453610251926,2.61745878569304
"217",-9.93194459449165,-11.3189133363598,-12.3744731993724,-11.2031159156935
"218",-9.1342121836599,-2.44641495664001,-4.43255315598752,1.84546148940427
"219",-19.6678511061892,-21.0745953380886,-22.7312481330504,-22.5829691828507
"220",-10.2152049004907,-12.0898527991581,-3.49652818234622,0.591660437646494
"221",-3.79338615919751,-5.55444765497624,-7.28384907267793,-7.45297303248024
"222",-12.3711653839973,-10.7626055214419,-12.6612232517799,-14.5509359971247
"223",-10.8945857088689,-9.44466401058336,-7.3262610218012,-9.32372006106024
"224",-10.4221990369401,-11.5729896868017,-12.2999987145541,-12.9809089782883
"225",-11.6647865204152,-12.1453688037887,-14.1442809606982,-14.0747968878278
"226",-20.3462742254951,-22.0543874253393,-20.8924046722849,-20.482732510508
"227",-17.2998099618516,-17.8863275660815,-19.8668199483404,-19.5224268068138
"228",-11.8119689142898,-12.2908623558292,-14.2830351711225,-12.704501672429
"229",-14.5128446908539,-16.0297851541599,-16.6331452782868,-15.5813680085786
"230",-0.904316060476237,-2.81653269055627,-4.7768773474976,-3.93252502843724
"231",-27.3743980639849,-23.5064526455224,-25.4981437853974,-27.4920663765236
"232",-28.4644028529506,-30.1255833946652,-24.3852850301877,-23.8162360680534
"233",-9.55880412624849,-5.78915673305317,-7.12994529571944,-8.84298413536139
"234",0.14793828791437,1.27937907973102,2.04317021158708,2.76046968337783
"235",-4.38421315499631,-5.43835074489282,-7.36710335634591,-8.2012970450951
"236",-23.108159883857,-22.1748861051712,-17.331090063651,-16.5918763089788
"237",-11.0264257216369,-12.8728494400574,-8.55984521523355,-8.64403395034735
"238",-6.53587537636142,-6.31270063048154,-7.46660062046305,-2.61989064692213
"239",-19.9867234649208,-21.895537432787,-14.3825066929502,-10.1043773009937
"240",-35.2749067164345,-37.0647086730326,-25.8188126820932,-22.6068758890674
"241",-16.8683337730629,-17.7988510336399,-12.0066858978366,-13.179942329413
"242",-29.5624803985593,-26.7893026043319,-17.7169861731748,-19.4135167432235
"243",-12.0938193496515,-13.1063504960932,-11.4560263392593,-11.9699916051414
"244",-20.976961168658,-22.7558941340086,-24.7473971207477,-23.7916139073694
"245",-2.74240913077168,-3.93532541337969,-4.46588509658104,-6.06991814835208
"246",-12.8559608125889,-12.913066668712,-14.7608436972987,-13.6633643027508
"247",-24.5888231877074,-25.9419903527245,-27.9101481510075,-18.5904231341256
"248",1.85688667503053,2.07368713259872,4.28267643602552,2.30714612294471
"249",-24.0858425730904,-21.1276232714253,-23.1230672599439,-18.6890145755692
"250",-25.422587907179,-27.1688268604884,-28.5544940006386,-25.1587374225865
"251",-13.5455593257724,-10.9708043858455,-12.9087220147783,-14.8887924095506
"252",-11.5411659815786,-11.5684124926812,-13.2955037161858,-14.4601655785984
"253",-8.22811627044156,-10.1111548324578,-12.0631175009703,-10.7932326133002
"254",-19.0480494794179,-19.7926043615814,-20.1992444906651,-17.6694174908042
"255",-29.1020242940797,-30.7787702676548,-26.9260166446016,-19.7969048193746
"256",-5.10160645679192,-5.62105893171817,-5.03690078107383,-6.98743236419481
"257",-7.75891871628938,-6.32753391375345,-4.63121285360185,-6.50423786348531
"258",-10.2146205484523,-11.1400871723876,-10.736698243423,-11.1925547380822
"259",-22.2438205252787,-18.0860453839572,-19.7515413565011,-21.7402611189219
"260",-22.1596776727468,-21.2136115312491,-11.3611554610875,-13.1008451697406
"261",-8.51771774874302,-8.27979846853335,-9.90055275087233,-11.8793838334585
"262",-15.4861858037203,-15.3694681443487,-11.4232658741388,-12.0138315943111
"263",-7.79774958852266,-9.72971100606626,-10.0078859784318,-7.68704829124345
"264",-16.9313076947291,-18.6591321045517,-12.0590084034428,-7.1545554046534
"265",-24.7330537239234,-21.816112803536,-21.4405669956874,-13.7957635527594
"266",-6.48196476773768,-7.71468961007467,-9.51051300330376,-10.9871536643748
"267",-20.3472994228245,-22.3442401881121,-15.2856188067786,-7.97612933493655
"268",-18.0075619620644,-19.0247168040607,-9.5021292516298,-8.119338347389
"269",-11.407273290544,-12.2735980103375,-14.2716657608692,-15.4782401743266
"270",-21.4662782255781,-23.3536184793147,-17.9445911293972,-19.0008169762744
"271",-15.2349939207066,-14.3122253110267,-13.7243743000198,-14.9763816242082
"272",-7.59630121389374,-9.5260806304963,-11.5230697353581,-9.98555789761931
"273",-39.2862729352317,-40.4293655430257,-16.5580306249943,-16.3490918409263
"274",-11.9772318257795,-11.9266888569187,-7.33541467104888,-8.29114932479454
"275",-19.3221432916766,-20.0439727026231,-20.7257351541608,-11.6514482427557
"276",-13.5405937140278,-14.5415397571042,-16.5027699807031,-11.223491586789
"277",-12.8233491886222,-14.1378122286349,-12.9592575593561,-14.1987925941606
"278",-23.4293518480831,-17.2651034122561,-12.2120795716614,-14.2044745810833
"279",-14.6027630661324,-14.9191681446679,-16.4841291680624,-7.80701962298679
"280",-38.0559112808948,-25.9833465718006,-24.6121168764516,-25.084577195649
"281",-7.58639833256937,-8.88436714476642,-9.98444953296469,-5.15751134796841
"282",-3.52006633408589,-1.84699364041875,-3.54204670421016,-3.18927577467816
"283",-10.0721472587614,-10.4006931487577,-10.9691656312336,-1.61104602946404
"284",-10.9288916711772,-12.4549644609299,-10.9361933156379,-11.5927575717433
"285",-36.0733987482738,-34.3260897309424,-35.3119052988541,-36.8516784812264
"286",-16.1574422794897,-16.443895852566,-17.620752205774,-17.9246160670458
"287",-3.6251804823677,-5.42999977318924,-2.87109771910908,-3.91231024596835
"288",-23.4958577063715,-25.3135415660276,-24.7307001796455,-25.1364752664113
"289",-3.24030998856236,-5.23973007639279,-3.88083837145133,-1.12905764891487
"290",-13.7391286381131,-13.9076237635915,-11.0197122617259,-11.3565594914551
"291",-22.3816435213349,-24.2999846660891,-21.6445939783706,-22.9922970472221
"292",-8.70494274676191,-5.7191044960786,-6.42078940910279,-8.20199825339674
"293",-26.5813620805776,-27.6123910786389,-25.4321824306051,-23.7188598050776
"294",-36.2632759200641,-36.324720198624,-23.0015588525629,-22.8958524167318
"295",-24.342300432315,-25.1781279784616,-26.6757407962243,-27.9548889448329
"296",-3.39081634376497,-3.99964518537331,-4.63836312302395,-5.75096907782992
"297",-16.0991814749939,-18.0946510351954,-9.8223424497535,-8.59657081234185
"298",-5.11776277301281,-6.28525565078314,-4.67001789378827,-5.22201416211481
"299",-24.6591844706069,-18.6572138005597,-17.5887360416813,-15.7049595756461
"300",-12.8338928199984,-14.6645309155482,-14.9673791424227,-15.0757655734874
"301",-10.1828793122386,-10.8900976602624,-11.2977590025731,-11.1684251142272
"302",-20.2690811191407,-21.8798455525024,-19.2347544015353,-18.2172068392675
"303",-11.3365940155567,-11.7486723257232,-11.298241834618,-12.5857176381379
"304",-25.3166756822671,-24.0769204391923,-18.6591259917717,-20.2845322672523
"305",-14.1100461557602,-11.6228810144434,-13.6200108656776,-15.2286237328365
"306",-7.71757093122964,-3.73557949775531,-5.735554983922,-5.96620309847783
"307",-25.9981524852936,-27.2959047249848,-13.7267464873997,-15.4313734617321
"308",-6.86025486449995,-8.71861190042527,-10.3045284276228,-10.8029442700668
"309",-15.7896394324141,-17.2422182145084,-16.992373629554,-18.4767496907158
"310",-9.9916332042466,-10.266068607498,-10.0357766905625,-11.659839486866
"311",-15.8229829371525,-16.6027780487911,-14.1609710773238,-15.4698671884091
"312",-8.47473115372886,-8.69685878020217,-9.56054824807486,-9.87146374453967
"313",-20.101531135597,-20.8160127257305,-22.5868602593835,-22.8447083334939
"314",-2.56534434074443,-3.13897269386393,-4.3434824548864,-5.3153644130093
"315",-50.6692422100714,-52.5081538462797,-49.1472752011498,-44.4723853006427
"316",-8.65568788075733,-9.71482254286147,-1.0659362507825,-2.82295095052297
"317",-0.745731530342329,-1.86848309862983,3.3034556244676,1.3329755259028
"318",-23.2546955187771,-21.4011047362888,-11.1064470100415,-11.9592310554292
"319",-42.0197467665241,-43.5595408111817,-45.5269668420154,-45.584516297618
"320",-1.03692190148744,0.8852930401029,1.54710088866323,2.52202024762557
"321",-10.0903408942542,-11.466901762384,-12.4580210111169,-12.1433175558711
"322",-7.31679321314994,-5.74153001525346,-7.49717859827225,-9.42762719164818
"323",-8.85178838882944,-9.84789455217748,-3.17350629161295,-3.75409528897164
"324",1.64089760633844,0.0485979994830448,-0.665613578923606,0.714831161155039
"325",6.74044022742866,5.46576225607055,4.65917281553999,3.51347719174908
"326",-10.0659513477102,-11.9161824006771,-11.7472265853056,-11.8908906674707
"327",-17.4298110232163,-16.6793317797744,-18.6762259842449,-19.7848113844565
"328",-24.9236420276345,-26.8749668415923,-25.985429443939,-19.703970083208
"329",-11.3415076800873,-10.7840855492424,-10.0907208985766,-2.591750212222
"330",-24.1060435561392,-25.7801227331542,-25.3360700824826,-19.6066147982601
"331",-7.47127329236085,-9.42218503344806,-8.24796700906049,-5.18356087471157
"332",-7.86243319978949,-9.05313191823928,-2.47202475453743,-3.91609975857194
"333",-31.266599585627,-33.1971967681423,-20.8748695149251,-21.3344902153003
"334",-12.6807214951035,-14.03303023032,-10.2144361383661,-11.9538518394376
"335",-1.55147745221261,-3.54141147495592,-5.49710077886849,-5.56709601300519
"336",-13.2830718840857,-13.2107566030552,-11.2441428682729,-13.179942329413
"337",-17.4209308118812,-19.3349557055894,-15.5476975934523,-12.7436507090907
"338",-16.6885065165509,-16.8788256498693,-18.6145863816509,-11.4893009237178
"339",-25.8307850625113,-27.8016766041318,-29.0886143973248,-24.9050302832629
"340",-23.253126818529,-24.5644349194151,-14.9955138804999,-15.7985313165273
"341",-9.75557244136543,-11.7145877029046,-13.7068010921475,-10.8455533262742
"342",-19.2754422226496,-21.239825715606,-22.9552717943443,-14.1703944651249
"343",-8.31962823220137,-9.98259752213148,-10.3086025900318,-10.6969875619615
"344",-16.5903039339183,-18.4406249024922,-18.9455743785282,-12.3817758446098
"345",-15.8506192972757,-17.7248679457348,-13.5603229637023,-6.60123150162384
"346",-18.8483253765612,-20.7025054029253,-19.2910394106282,-17.1986527112623
"347",-17.9887034870162,-19.8832210846757,-18.8466002667816,-20.5679696574677
"348",-7.11083542225271,-3.82755838339394,-2.70294632945961,-4.17651866909718
"349",-3.02538964948127,-3.93263626954528,-5.66510592389165,-7.66212722407065
"350",-12.7852178106348,-13.7910100727192,-15.5666575194296,-15.0674743702235
"351",-5.61894391545922,-6.10341626557123,-7.87049157505062,-8.83586212311446
"352",-22.6184422203865,-23.7580246493638,-14.8410121002901,-13.9608574205599
"353",-14.1805570801663,-15.7381108586161,-16.9822356198228,-18.1635278580466
"354",-20.8252415423367,-22.7639695125408,-14.7093381853008,-15.2244624369445
"355",-5.01144074983972,-6.0509425165296,-7.95854626865505,-9.58470857271411
"356",-6.50270132441757,-8.45617247938736,-7.86714789222979,-7.91202218205351
"357",-31.9264082722201,-30.0143316525708,-31.7390240526522,-33.6332246352734
"358",-5.31515945811937,-7.15603083565573,-2.9184484318357,-3.35092829514016
"359",-7.95275372938394,-9.94291024219458,-7.80370438520152,-5.35197914745031
"360",-9.39309749095014,-9.93882527254851,-7.70028778152003,-9.22654570751032
"361",-14.8945624900508,-11.9556153832697,-11.745506997967,-10.4495803836976
"362",-9.27658442983219,-11.130497726702,-12.7406172121572,-7.41856146817527
"363",-14.8198665161468,-16.7892015000469,-18.4053734546738,-16.0363701560879
"364",-19.6153837894464,-20.998619901907,-22.9926860225075,-23.3691927304993
"365",-1.7531616843896,-2.22251766854562,-2.34870906404252,-3.83218095489189
"366",-5.14762480119878,-5.31809222988104,-6.13107015183419,-7.09171909656366
"367",-4.02012664832642,-3.92542164021017,-1.53741072359655,-3.20230869008909
"368",-26.608555204718,-26.8584372926552,-26.5151311909003,-26.3420807444214
"369",-25.5726896361789,-27.553079615253,-22.6937621914064,-19.6984006922101
"370",-20.638336004807,-17.214989431429,-18.8986721347597,-20.4411254217396
"371",-12.3631990205565,-12.9271518098337,-9.86617984959051,-6.26609715684509
"372",-9.17188049296433,-9.83570332845588,-5.87342941096768,-7.10468827198873
"373",-14.8912672815043,-12.0607862471466,-7.17375635830203,-9.13175295864814
"374",-3.93301031524529,-5.93300718767034,-7.76214496235803,-7.18258959377981
"375",-31.5986351814526,-28.6143276874989,-27.0487848789839,-24.30453985957
"376",-34.0639852031435,-35.5253364438175,-34.8783924953084,-35.7166964101417
"377",-10.4334568506802,-7.74583533047994,-9.63580953570607,-10.3533987313888
"378",-22.5971812126884,-23.9361007034842,-23.2875789907535,-23.0738490416954
"379",-5.52788053698012,-7.46174252121195,-4.46865907363559,-1.73003834691736
"380",-13.3021499252508,-15.1936614130684,-15.344335851159,-15.9295529007056
"381",-25.6103187558237,-26.8143972364849,-14.5679602221965,-13.6753829463912
"382",-19.4398520441155,-18.1130122624973,-17.3564208616594,-18.818719899163
"383",-6.61850592314442,-7.93433318092363,-8.27300233559464,-8.5442126158464
"384",-30.9327607563925,-30.7855819616016,-27.9553204238315,-26.1819519491427
"385",-20.5171583243415,-21.9539773137571,-22.2433140374123,-21.4728551264938
"386",-9.47249762019683,-10.4671669413162,-11.3259548928549,-12.9069131053502
"387",-14.5339044020267,-16.5150920896778,-17.7100474126799,-16.0338236513201
"388",-24.0644863454716,-25.8609836814068,-18.8401552993602,-16.6125320884157
"389",-34.5546481677724,-31.6565516752,-11.6376859004597,-13.2449160597701
"390",-4.86652405168285,-4.24061522417299,-6.1710773011197,-7.19969302389127
"391",-19.8275877052774,-15.9931878736822,-2.13574056256714,-4.04641926344527
"392",-14.0150782299037,-14.53962578845,-10.8079518936446,-11.0758088454244
"393",-20.3861882261127,-22.2728400443411,-18.7051754015529,-16.3003652524112
"394",-12.6210888844326,-12.9347228054873,-14.3102279241644,-15.280258921461
"395",-12.3639428469841,-12.8544199114183,-8.49978880413584,-5.94296968707806
"396",-22.369755061409,-20.6864905213405,-12.6490165436262,-12.3220311258068
"397",-19.2155054301741,-13.4909290798595,-14.8745875124024,-16.7030236803228
"398",-16.3662163214393,-6.92719933049094,0.952795353057295,0.330538367646178
"399",0.564743636439946,-0.599694026223462,-1.2183774687368,-0.617687220968981
"400",-18.1911311945653,-18.5901201762094,-19.9182742398413,-20.9451326962921
"401",-16.537034500683,-18.183581149469,-16.1732808170186,-13.0534600156652
"402",-21.6271774388964,-19.815803956404,-20.723460111481,-22.7216226815769
"403",-33.7444954939035,-34.956509640896,-21.1929069181722,-23.0516830666635
"404",-14.8851404111114,-15.4692753602075,-10.0949177263523,-3.25137441735036
"405",-12.9670835875137,-11.1254732778196,-8.66798908176384,-9.7861010067255
"406",-20.9860890884622,-20.6815616420748,-7.60091980113257,-8.34177790069641
"407",-25.8953527883894,-25.9679615720313,-21.5175790047951,-22.2457799184045
"408",-11.5908417819394,-12.8308009225545,-8.95866864367767,-8.95853342724878
"409",-9.330373252389,-11.2329842605964,-13.0200818126099,-13.5242048986989
"410",-19.388081013791,-21.0131992905655,-20.6898759312624,-18.5831963951729
"411",-18.4555767435866,-18.9651842347994,-18.3403894665734,-15.8331479308508
"412",-25.0104709656166,-27.0078615352814,-18.1971505097667,-13.9382687772747
"413",-13.1671678338489,-14.3716835457174,-16.1370709410714,-14.3345637298226
"414",-5.84468103469462,-7.05286602587994,-3.07767456768129,-3.79060071807314
"415",-21.5226048920562,-22.9830784101746,-24.898616419127,-20.8753438181451
"416",-2.07348023888379,-3.87772590224671,-3.52630684045876,-0.914232613032373
"417",0.752003045187928,-0.663104573524002,1.85956939131181,3.45072436436801
"418",-23.1085914499894,-22.5909295512504,-22.4175017266668,-22.9762071792174
"419",-0.669170164148365,-1.71052243270678,-3.27859771136228,-3.05113360381711
"420",-23.0950120234022,-25.0691544129345,-26.8669589065299,-24.2484977306601
"421",-21.3895242113451,-21.9093974126761,-23.7855906242795,-14.0756061010161
"422",-4.09164848253255,-4.47636671661124,-5.39803965058823,-6.81624213636511
"423",-9.79720304426029,-11.59735797959,-10.7608314952458,-7.27777523927183
"424",-28.6969128602841,-30.6185458373909,-19.651823359302,-19.5520116729136
"425",-19.8748810712659,-18.3415670037524,-13.5710583464374,-15.3202792601749
"426",-22.2718587875357,-13.9016045232535,-15.8719531077535,-16.6616313116794
"427",-16.1349836350949,-17.9456446676825,-18.3712471081984,-15.7816557632031
"428",-14.0721840298001,-16.0364487193126,-15.8921305359315,-10.474031676112
"429",-12.7081185583591,-14.1768644115651,-6.1417492879013,-5.34282239789881
"430",3.20005786459565,4.5110153192967,2.65852064265365,3.39104650857156
"431",-7.99590239046429,-7.8121422787744,-9.80491486621939,-9.66747235050845
"432",-17.1826868645841,-19.1254502368567,-9.44412571363861,-8.78390887928347
"433",-9.70779105446176,-11.7070944396892,-12.3560548705474,-11.9730665667058
"434",-2.68658555477711,-4.67986356472119,-5.24032640145106,-3.16694326792252
"435",-17.689702955768,-17.6342594656657,-12.4095904202438,-12.536585481419
"436",-30.2688697491098,-32.1953711184627,-31.4038020733837,-31.5586988940922
"437",-20.4404676873718,-22.3283877698843,-18.5325509146598,-15.383724796424
"438",-8.8799031932719,-10.0142387775594,-4.41398746938192,-2.80143170642665
"439",-23.0005844861358,-22.7479399905159,-23.616061179276,-23.9869453868813
"440",-21.7192828594905,-22.6830516757563,-24.189733105214,-23.7250030475224
"441",-7.92168977536121,-8.98834881248865,-10.8583642396311,-11.6796801662288
"442",-13.4030674421361,-14.0269722304487,-12.5267635491378,-14.3068852282552
"443",-18.692606452341,-20.5659227546021,-21.7150134993144,-21.5728066558595
"444",-9.75523751827992,-11.5035747886621,-11.3324173548352,-10.4273645828434
"445",0.958225331497179,2.03284680664096,9.20873476734198,7.66720260894388
"446",-8.1482383633173,-9.17225078032315,-10.0722540892436,-11.9907520725548
"447",-18.0584399190277,-20.0323749873586,-21.6388848703165,-18.6383324800244
"448",-33.5382602958408,-29.2119776661009,-30.3498593015708,-30.7462321741317
"449",-26.8340160589149,-27.8915192904701,-29.6795440484686,-27.0655026247188
"450",-8.7249854419672,-10.695774666425,-5.80738473744141,1.52701542617299
"451",-27.6966765506119,-21.924279350531,-15.571727829978,-17.5221621037346
"452",5.76814561659491,5.72247580432135,6.99495463112698,5.62090190219217
"453",-19.0343600176292,-20.0012143365154,-21.0209618167927,-16.6616313116793
"454",-9.00741444125701,-7.75465135858929,-8.61207548150913,-10.5244621867751
"455",-12.7525521828775,-14.2893572660348,-10.2799645072823,-8.23005642386732
"456",-10.3617264561555,-12.0950840391185,-11.7208398946564,-13.3099929190831
"457",-4.43978607764305,-5.39816232205921,-7.39197812606246,-8.68019947351215
"458",-13.4896518407536,-15.4725909771657,-14.6636991067862,-16.4030150035064
"459",-22.5091510589032,-18.7086087404091,-19.4743900484273,-17.9895549495614
"460",-16.0238801272135,-16.8628420354674,-11.9910746630957,-9.82328855651522
"461",-18.0563378217889,-19.841652900522,-15.2908674836246,-11.7851494112811
"462",-14.9245024048464,-16.7161400775593,-15.8589106290574,-15.6158016781671
"463",-20.0862595555997,-19.0201167262316,-17.6461511020184,-18.2584083719539
"464",-12.6864263686584,-14.4157922910177,-8.18934265893209,-5.91311749053075
"465",-13.5865525890749,-14.1500815356964,-16.1405444203527,-17.0174138391844
"466",-22.2988291446122,-24.1545843872871,-26.0371546169843,-22.5750033775021
"467",-3.55231420010568,-4.50288722840017,-6.38986584315734,-7.0596550667091
"468",-4.88671334240755,-5.44882852783808,-6.17553082012376,-7.48603532847253
"469",-12.9168142077234,-13.7648055527645,-15.3147622042226,-15.286926265718
"470",-28.5402518077489,-30.0129616565927,-25.1539504096649,-21.0083319053866
"471",-21.8991936671252,-19.7500375489938,-8.43693508647803,-10.2397516590913
"472",-16.5875625578747,-18.5635223664323,-20.466134221264,-15.9329396510792
"473",-16.8308446913314,-18.6702957908735,-17.8270828610363,-18.9953422800451
"474",-22.1782604368224,-23.6896183113753,-10.8390200354838,-8.54845538503319
"475",-13.5103521550224,-14.7183674501346,-15.2620919767467,-14.0861273261155
"476",0.686565880141615,-0.893399934819014,-1.29320004395102,-2.89435273109344
"477",-2.14511569651816,-1.33369001100582,-1.87666552270024,-3.59962219184077
"478",-12.5670307459065,-14.2625241405367,-10.9499047860458,-9.7729840380908
"479",-15.9604899253897,-17.6460588327266,-19.6268827267282,-19.2754880645156
"480",-24.2395327224952,-26.2380890422852,-25.6042934450597,-18.6166307460256
"481",-8.98624842432433,-10.5895239681973,-5.65751534161859,-6.97586130670267
"482",-14.9146433369327,-16.7689184844345,-18.29115952,-16.0771357572589
"483",-3.18238434357935,-1.05205334461297,6.09064216155319,4.43157375621585
"484",-24.470359751441,-24.3600799185637,-22.4140594544223,-22.1353102595794
"485",-17.5355324572682,-18.2285971281624,-20.0908381770549,-14.6435488039922
"486",-17.2085558489395,-19.2017846182379,-19.7098212175587,-16.1085869286312
"487",-18.6535872599676,-20.5936203659164,-21.8949583477804,-22.1836041148488
"488",-15.4699837779026,-17.2876931412161,-13.5691657977242,-13.1198145761283
"489",-23.8081529730812,-25.8032437709611,-25.1354780470982,-21.4786708668284
"490",-5.68417433530729,-4.78403274448801,-4.49279263944716,-4.98470171169001
"491",-13.0519616723877,-13.5008254097638,-13.7305499948081,-15.3862312408398
"492",-27.6226347104246,-29.6217957353932,-25.1744704001773,-21.8066531511469
"493",-11.6950669992795,-13.3498773365554,-2.61620057663959,-2.6756167299567
"494",-3.28211806649172,-5.19636314921967,-4.36594648573746,-1.9738829095292
"495",-31.7424137806716,-33.412725759998,-27.8613851373328,-24.7672079546397
"496",-18.6015525881079,-20.2722133867376,-20.9468931828231,-19.1296832340999
"497",-9.96073453124097,-11.5737242851838,-12.0076534826083,-12.7131112537219
"498",-25.6971766614174,-25.0551841683897,-19.2983260606795,-21.0850678439386
"499",0.834707422479628,-1.14349445442355,-2.15647157084433,-1.4572869097832
"500",-0.431070461794434,-2.33511121455369,-4.11793542626987,-2.04985463673282
"501",-11.0193332349187,-13.0184916609099,-11.5303729380899,-10.3304963856003
"502",0.834590026542921,2.95966153870686,2.42423989880911,1.11511367208791
"503",-21.7212864997894,-23.3063177009428,-25.0410685201603,-21.6710545645998
"504",-3.1036948632167,-4.44807675814091,-5.0573482112583,-4.42261248977846
"505",-10.0557292466637,-12.0345792385569,-9.10879518322629,-11.0863399894141
"506",-14.1391672414554,-14.0049182013423,-11.7870565557441,-3.38271196713019
"507",-1.13181686401594,-3.09914736593823,-5.08971902547479,-2.28468743602201
"508",-5.90045596753495,-4.98755740321989,-2.93346904827238,-4.64832466446009
"509",-29.6427216560619,-31.6282447492118,-32.1079261852676,-31.4757342473084
"510",-17.6232210813288,-19.3365381099613,-21.0410518156068,-20.7713591192789
"511",-6.22018189779966,-4.28876877359652,-6.27479344395949,-7.68704829124345
"512",-30.0806645962338,-24.6244554402363,-25.6168765720409,-23.0375836830656
"513",-5.49526308630628,-7.48344686608933,-8.20331117626478,-6.0552757664556
"514",-20.1869569545892,-21.7824526961326,-23.7698679400232,-22.8527267171307
"515",-14.7196332658582,-15.3199920975534,-17.2714938768329,-18.2037805038822
"516",-25.5639964117232,-23.9692610077248,-24.8510462766007,-26.6686272642622
"517",-30.1820890627035,-32.0498133094874,-30.8844403188063,-25.3873576090697
"518",-20.5695160604464,-22.3827922720205,-22.5061850381843,-14.2263981955362
"519",-23.1449317077156,-25.0755596192334,-24.1768791549194,-22.5113325892039
"520",-21.1823166585008,-22.6246543873139,-16.7591593337268,-15.7563554497459
"521",-21.1564861100677,-22.2217790269009,-16.0777968122946,-17.2589526230173
"522",-26.8118732624523,-28.7317860846241,-30.6456390576978,-30.3724411006011
"523",-14.9705311310793,-15.0012297972631,-14.4484841800342,-13.6729789357972
"524",-14.259006492343,-13.3921220830213,-5.63021015322993,-7.0282975125993
"525",-26.5804590613729,-28.5793052343558,-28.1471615141007,-25.1078702445143
"526",-10.6291498770747,-12.6270585150612,-14.6208126735794,-10.1742158554844
"527",-9.80455311039682,-11.442817928763,-8.16629097385307,-7.21611903195673
"528",-26.6780183482444,-19.9544455126657,-18.220356859524,-20.0282960987273
"529",-12.4456338255297,-13.5835839110532,-15.4167019912256,-17.1332097604166
"530",-12.7772025176528,-14.3240257127646,-11.3954918012436,-11.7935680667525
"531",-14.6710562211117,-15.8441528192801,-16.4630584225467,-15.9414077511568
"532",-9.89013284983527,-11.1038837116147,-8.21648936383378,-9.78901645862177
"533",-28.5028437984211,-27.7437230439708,-28.6468245150697,-29.66214105706
"534",-17.8947761085113,-18.507874668547,-18.4348079992184,-15.7774379599547
"535",-5.27333505095141,-6.08645421012502,-7.45186633096191,-8.29255483026243
"536",-8.46714821813434,-8.79622086353325,-5.5073594825725,-4.41430027484883
"537",-11.1290004806191,-12.5297570287707,-12.898710781004,-12.8542527639755
"538",-19.3367990754925,-20.7436595448476,-22.7233294464917,-16.9375053315577
"539",-17.9042958854491,-19.0176121945212,-13.7809934575467,-11.5212229185085
"540",-21.5054122932964,-23.1681593940162,-15.8741042000046,-15.5553519805229
"541",-6.17537628398581,-6.34286339079855,3.81687586213541,5.45991579278941
"542",-30.7974333608968,-32.1505762940757,-33.9107507904255,-35.8954238073769
"543",-3.10931143447231,-3.41731047670917,-2.65102144106643,-4.28089624797887
"544",-19.4302990097993,-21.2716833588456,-22.6474586334709,-20.5584901078196
"545",-6.26515927734218,-7.3747752713632,-8.98676822503833,-9.95993221038278
"546",-19.7588779497008,-21.6885180077762,-23.4604627778789,-21.9672188218916
"547",-15.2368400038312,-17.0624815227358,-18.9928549971174,-13.5569528232554
"548",-19.3748600684572,-21.2739229477118,-19.0840428365146,-18.694448517836
"549",-5.43933577127657,-5.65169389770324,-5.59661323562244,-6.91533666041006
"550",-3.41652316657445,-5.20086534571442,-2.21543795316734,-0.729151872466453
"551",-8.77080191412815,-9.43653589424581,-8.8038174694506,-10.3053923851042
"552",-17.0699491268983,-16.8564733855947,-16.8815370182702,-17.5582656702475
"553",-9.40085038414375,-11.3634437814777,-5.14334358130541,-3.71259412750596
"554",-34.2323737542827,-31.4079998784054,-24.8798754248709,-26.8571891124319
"555",-19.9575820921097,-16.6310199737013,-7.94378444746521,-9.71619228317029
"556",-10.5097379055582,-6.84436129032451,-8.03768444521602,-8.52865955074051
"557",-38.3110274131889,-40.0687034731139,-40.0763117329006,-39.7831675528809
"558",-14.6273492211304,-13.7044197166485,-5.7552114471447,-6.186578254538
"559",-17.1557696591472,-19.1314960213146,-14.903125626884,-9.34822995190005
"560",-4.96727136014665,-6.7559318211759,-8.69812678474623,-7.6109481074086
"561",-41.0186575454978,-36.4599962796352,-16.0406110332825,-17.832277685082
"562",-6.42735594212089,-0.93470345166627,-2.90739707533941,-4.88563265631015
"563",-15.8514138485672,-17.2896383572081,-18.3484091863338,-17.5274435670937
"564",-35.6472375417354,-35.1837578882461,-35.6955646639933,-37.666435186559
"565",-5.96210622764081,-7.00735087912,-3.18916024643162,-4.3229769607935
"566",-10.604207746043,-12.0929845862475,-10.4385602611845,-11.9738353431325
"567",-20.6216189824078,-21.111290465277,-20.6066217938169,-19.6714926290095
"568",-19.3762275044424,-20.9081756840577,-18.8182219176873,-17.5221621037346
"569",-19.0705321340122,-20.7568899599921,-20.223205943202,-19.5594112262533
"570",-34.7377978868329,-21.6118936992371,-16.4628152106142,-18.4317283834292
"571",-9.87028230441382,-11.2547415690151,-10.2755003332372,-11.0307059843618
"572",-21.3192241807909,-13.3491072278343,-8.51722260660734,-10.5170420437814
"573",-23.6654930782678,-20.2599610797542,-22.2323252585284,-22.4487530807433
"574",-19.657982542483,-20.0230099851447,-19.3292122959198,-19.6418214530798
"575",-14.5299990886115,-12.3436291664068,-14.3423968237308,-15.9168550778161
"576",-20.7602977109355,-22.6001763705214,-22.4444698379698,-19.7531992550812
"577",-14.1395116520592,-15.4518969245999,-17.3414083838351,-16.4887532196108
"578",-7.6024837321446,-9.53640900581966,-11.4594124106675,-11.4999388273321
"579",-3.19154276302952,-4.04277785738211,-5.9863590335141,-5.81707466759163
"580",-24.3172114336675,-26.1300568782505,-24.2584885076453,-24.1407800989136
"581",-25.382618576399,-26.6274599259974,-28.4738624579448,-29.3649784918538
"582",-8.77533330195864,-9.18692399063803,-8.76241470920142,-10.2014483559694
"583",-26.4856472636401,-28.159220663119,-27.8225709928643,-26.8450332695872
"584",-4.38476134042013,-3.9041204772819,-0.0544101186850625,-1.23778124873609
"585",-15.2666895839941,-17.0846290091951,-18.2441697503379,-15.5838865650165
"586",-24.109282855353,-25.3937136242945,-26.8598728291085,-23.1676832916575
"587",-11.7334955160832,-13.6910579674159,-14.2540202471217,-14.5697694422986
"588",-28.338794580289,-29.8597601807015,-31.6082059720778,-23.6237570649916
"589",-11.230278727388,-6.6082067120866,-4.85058142768656,-6.78845724096204
"590",-21.2545118249291,-22.9148225094764,-21.3484559769568,-19.3527268682241
"591",-10.2604708480452,-9.46177690792088,-11.4579590711261,-13.360856481791
"592",1.38384730528094,2.29485527315238,0.940975535412407,-1.02297585792927
"593",1.65504855004092,0.634112050745579,-0.878862901083643,-1.94558025952997
"594",-16.9526296064343,-18.461145923095,-15.3031485683002,-12.585717638138
"595",-36.17513142853,-38.0651123647194,-37.3812190558729,-34.4403865645351
"596",-14.3047277111326,-16.2971228691901,-11.6327730954343,-7.83341879701845
"597",-11.5764333373439,-13.2136504545158,-5.94457041557447,-6.45649893799833
"598",-6.618647603569,-8.22323602816113,-8.01053562080462,-9.72856327090204
"599",-18.4845470259927,-19.5064160143384,-12.1069283127324,-10.1631808034274
"600",-10.6416957793402,-6.71025545805143,-8.70765662094168,-8.80169367486367
"601",-6.50388268745894,-8.46093720051005,-9.6132170338416,-7.21680359179311
"602",-9.21725471150355,-7.38084720380171,-9.20774590159887,-11.1895377583719
"603",-23.4734029681431,-25.4435809756058,-27.0739861349143,-24.3170040757124
"604",-8.98309178642128,-9.38600274436374,-3.53382575854177,-4.97303409635799
"605",-11.7854353469984,-13.779036613641,-15.2805843708485,-10.8178897738229
"606",-6.59186961538065,-4.84722845968344,-3.16033153133625,0.474361263606722
"607",-12.3974600987333,-12.9103786400654,-14.6038916937438,-11.4634775002418
"608",-31.6989256242151,-31.5923096839625,-32.8997130220142,-32.284005270394
"609",-6.71955808594418,-8.53448452488403,-7.24920502044989,-5.12887597163971
"610",-23.4293251555953,-23.2702183484579,-16.8044024758523,-16.8326448311564
"611",-35.1630731178952,-36.8821718353583,-22.7095650827195,-22.7336147844239
"612",-1.74295694429373,-0.458897566883261,1.64355903947116,0.719908246171745
"613",-15.3542357234018,-14.0989048692703,-16.0932809004918,-15.8382162292688
"614",-3.5519191875037,-1.54553527546601,-2.75894272546086,-4.36446234326649
"615",-18.1638406506617,-20.1618977201666,-22.0766969132763,-19.4808591741852
"616",-21.885547372716,-23.5839917791937,-24.6537724765256,-20.2299596831769
"617",-9.93906266672177,-11.0886423591119,-12.9365805276065,-8.40797055041317
"618",-29.3049095152061,-30.4544507204364,-32.4301770497938,-31.2315317385281
"619",-15.4684723152575,-17.4177184763706,-18.6202354700588,-15.9990372616579
"620",-11.2319631221239,-12.9789912768301,-12.7217812931114,-12.7930317789611
"621",-13.7359997320908,-14.9100085135542,-11.4049729886651,-11.1872751692703
"622",-5.92304944164327,-6.44929939984711,-6.02909813255324,-5.61973520111886
"623",-18.872553734281,-13.487712829266,-12.8799508132764,-14.8681618174702
"624",-28.5341279088301,-30.2976262071458,-30.724085905298,-29.2851594051191
"625",-20.2015711434106,-21.8265146770147,-22.6352875683388,-18.5588155511459
"626",-6.76286439051248,-8.38284614001491,-8.67852446463656,-7.31206879408325
"627",-8.86022839660967,-6.02428676166042,-5.97070348005684,-7.09922706651946
"628",-11.5241155582081,-11.5841425203805,-9.90279886673338,-11.6995304515221
"629",-11.9011763112672,-12.0849781889531,-9.58227756810442,-11.34444454714
"630",-5.55429519522616,-7.52087878282306,-5.58619880478183,-4.55391303080906
"631",-10.3456886224906,-11.2798426831773,-12.9718371349803,-12.1711178319254
"632",-15.5845100865455,-13.4137987716775,-14.0676270878824,-12.4128464559523
"633",-19.3973467147388,-20.6924722334491,-22.6080002636851,-16.5626317570015
"634",-11.7293480117712,-10.9002746594605,-10.832925129472,-11.7216824981909
"635",-10.5822747642149,-12.5656588393805,-10.8380640990606,-5.68167272896895
"636",-20.9563760501836,-21.9956395446791,-23.663088392912,-16.6202806893858
"637",-20.4404145237764,-20.2473697890962,-21.521766856709,-20.930782815728
"638",-22.7149030101351,-24.1946668125879,-21.046214058835,-23.0385906211144
"639",-7.24060682477846,-8.3311461752342,-9.57239324848075,-11.4824637286195
"640",-21.0609760133183,-22.536897851629,-21.9404786868993,-17.9993491838226
"641",-21.1606358563979,-21.1077594805017,-8.99365474336537,-7.12995581390859
"642",-8.91234274190664,-9.45677146425524,-11.1137554942327,-12.9864246556968
"643",-29.8044481475692,-24.3579826098724,-15.6587258926549,-17.1000918264673
"644",-20.7048686580333,-19.9265551025624,-15.3891232482514,-17.3780649192131
"645",-3.13552396258752,0.164053361129294,-1.58083753967052,-3.58082376263217
"646",-19.6284661548581,-20.5009039092679,-20.4888835565075,-20.0479498192722
"647",-13.1904731340461,-15.1014521070499,-10.4102384939692,-10.5148162627217
"648",-3.57226391606878,-4.7577586436739,-6.71146209600881,-8.71142675561719
"649",-20.5850561070776,-22.12940701429,-19.068934961998,-17.2213640057051
"650",-38.5154495382169,-35.7555812446575,-35.6700665471768,-37.6693125814651
"651",-2.50922695311816,-2.96845007487574,0.11294211316735,-0.759550824439379
"652",-20.8113923234004,-16.9582326248419,-18.8866251679777,-14.8450678719792
"653",-9.56305775366322,-11.0353081265211,-10.9314405525685,-9.88022895452833
"654",-31.8861946289495,-33.3731312233113,-35.0607125104536,-34.3447535031643
"655",-5.23641825046073,-3.56901262855297,-4.63313674036873,-4.44691940033017
"656",-23.3558396490115,-24.7746965546536,-26.10893326202,-25.8819017334877
"657",-4.66795687125593,-4.89294551746294,0.0113323642734047,0.0694619439782529
"658",-11.586223241182,-13.5481609911122,-10.2325453688039,-6.83658448359462
"659",-15.8875467859718,-17.7657305369893,-10.9823397269141,-11.5120998121644
"660",-19.6383210675974,-20.9220953828685,-21.3586868632844,-16.2209880873181
"661",-9.73996934994879,-11.6212062220476,-13.4949822645539,-11.792802663002
"662",-6.71547652952518,-8.64903977083744,-10.6269063221346,-10.853781226363
"663",-19.6768016696716,-19.8865311823928,-21.8697708450447,-23.8686073073132
"664",-6.79297146158261,-8.27955418660806,-5.33680616727696,-4.37531929481634
"665",-12.9555687850442,-12.8598358254126,-14.7701647417899,-13.3847205156803
"666",-12.0467892624529,-10.1029964031146,-10.676798561514,-12.4353873818544
"667",-21.1879897647431,-22.3069873707891,-12.4316288510551,-13.5042494816261
"668",-19.0692938404374,-18.8520806139179,-20.8351609008381,-22.6068758890674
"669",-12.0195296829445,-12.9273047481311,-11.0085432191301,-11.6850235284586
"670",-7.46641548129576,-7.96295084048725,-9.57188191384479,-11.5120998121644
"671",-17.4964199691505,-19.0438639712839,-15.7610252361911,-13.5977245847146
"672",-17.6034577551251,-14.615684702668,-12.4801523076577,-13.4125794553946
"673",-22.040248848641,-23.666368467311,-22.3221758452824,-22.2171475981193
"674",-17.336348940904,-19.1500334178188,-13.955068945004,-15.8289248273811
"675",-19.2677180788536,-20.8838231260661,-22.2943855602294,-19.05469046264
"676",-19.8649479268359,-21.4516792666676,-22.3594062391192,-21.9103615059702
"677",-27.4458783549874,-28.3125789794386,-27.8743257360537,-28.2339681892598
"678",-11.8931044271466,-13.1177671786109,-15.0389164849323,-12.6716453455418
"679",-5.24057097567448,-1.11083303168941,-2.37247077127156,-4.35233150453059
"680",-13.1163875486323,-11.7884319764975,-4.94421662264993,-5.77078956583215
"681",-14.867123258576,-16.8427590552861,-16.7836083186465,-12.778132810632
"682",-23.0626575323137,-20.4516766569984,-4.89498667510126,-5.87931125604602
"683",2.10125223097233,3.60224232633606,4.14235954632514,2.19629265386905
"684",-25.3999702838505,-27.2549498171307,-28.7099048585561,-27.449434001633
"685",-20.0804752266099,-21.7927684094413,-17.009426612325,-11.9976745650437
"686",-12.6835566589347,-13.9632383601142,-8.16860380010256,-7.29834792987541
"687",0.531552983703916,0.00241817221820551,1.71936152735796,-0.0545161995436834
"688",-22.5467364784711,-21.5155869634093,-22.9619654396775,-16.3260036065556
"689",-20.3055406300695,-21.7132760567037,-21.7507711516736,-12.4128464559523
"690",-15.4884576459038,-11.7625906995857,-12.9865784713569,-14.1663391947537
"691",-14.3682363272019,-15.0279393771996,-17.0085278280284,-10.1646519721096
"692",-13.8571637095075,-15.8549388651662,-17.4223475613366,-11.7767324840832
"693",-23.4187250363392,-24.9800315498527,-24.7039365483604,-25.2139148423381
"694",-6.6824509334072,-1.28901868263625,1.79157210211753,0.998744400146004
"695",-17.106773491191,-18.0754919586878,-11.7428046095082,-11.3876203859645
"696",-26.7533959591549,-23.8063310398427,-25.8032055373018,-23.6043545814105
"697",-14.3050883277675,-15.6151822218965,-6.42033695206409,-6.92960970505593
"698",-8.82765173113637,-4.85038561484023,-5.79998964251853,-4.81261738938687
"699",-13.4766547217565,-13.5266972933295,-15.2500834527417,-16.2474300708632
"700",-20.8417838972085,-16.1806137125851,-18.1795938842953,-17.5195216271599
"701",-13.9071606928381,-12.5095668673844,-14.0877249919108,-10.8657520293677
"702",-25.1788308869094,-23.6904261230082,-25.261473760885,-26.8494531590943
"703",-27.6051621907358,-26.5191101149693,-28.5190911918223,-30.3351284319757
"704",-3.61257769362613,-5.57575265226137,-6.36693216310396,-6.09988477222848
"705",-12.3058558770293,-7.56063466444891,-3.21330407777312,-3.39206479697205
"706",4.64958651645608,2.69193353720782,1.03029296535777,3.1222139482985
"707",-9.46178540263664,-11.2637332063753,-10.2485309176909,-7.99147416856808
"708",-37.8291365918115,-37.3472620791839,-31.2444073836195,-32.8595558506198
"709",-8.19311096590683,-10.1641257881982,-7.12552041552366,-3.45946822798999
"710",-36.6197772512625,-36.6385455734606,-38.1746623037519,-39.2354293812211
"711",-10.5569085874,-8.81953568534466,-3.84923545096948,-4.8985692670255
"712",-21.6520935379,-19.1364626593277,-14.6770396960285,-15.6057205372262
"713",-23.5924476976953,-25.5905877352171,-27.3901553648354,-24.8786925165705
"714",-14.4899825219182,-16.3511181312538,-18.182585642332,-17.4500502066326
"715",-20.6477945946587,-18.4368200256509,-18.9944787372642,-12.9541290949065
"716",-21.3870128211971,-22.7912722654818,-24.3231582372625,-25.4417760219826
"717",-22.2949371874632,-21.8653192714245,-10.4892387268703,-10.8029442700668
"718",-34.1836844339409,-36.1755435646973,-35.2821998102652,-37.2143246626537
"719",-10.1867497845208,-8.96397646763996,-9.53184097075671,-11.3467158265357
"720",-8.34700094127777,-7.4018388031332,-0.61395685152447,-2.011851176477
"721",-19.0247078310653,-18.8934933401824,-15.4947287139944,-14.6361648904981
"722",-5.1939083033045,-6.38365532533186,-3.69314885703172,-4.66054340989398
"723",-27.0403092667883,-29.0127773152655,-28.9518420713442,-26.8704541435533
"724",-13.2191892832006,-14.3358705748488,-15.4383472612535,-14.9317373223297
"725",-29.0159677363622,-30.8654878547502,-31.0931724216554,-27.7657423504429
"726",-18.6513737114442,-20.5876833668562,-18.2098971017796,-17.6791355381902
"727",-13.2266698749009,-11.7460811949014,-13.1863050826981,-15.1704039892011
"728",-13.6518626049503,-13.9992488868713,-11.4425718585931,-12.5443803064392
"729",-19.2795105854999,-20.0515852933724,-21.0871089679695,-20.8667479296971
"730",-22.4048167643683,-23.0012171969886,-22.8521844335471,-13.0439895530718
"731",-18.1444080620368,-20.0238682325053,-22.0231959793988,-19.7727215155882
"732",0.368234744572684,-1.27199118325443,-2.5980906936549,-2.23676436786937
"733",-8.0411207065096,-8.3388218772405,-8.57029213398755,-8.30731554737097
"734",2.26145137425222,0.950077220879186,-0.569815814383779,-0.968862084920619
"735",-13.0183533754476,-14.8413340107904,-15.4321127066056,-11.8870546972949
"736",-18.5369537811882,-16.745182877052,-16.1522259166007,-15.0832290902604
"737",-5.80793405077466,-7.6475688262137,-8.88568171573151,-8.01659629077767
"738",-18.881682986112,-18.0316184566717,-18.8705612322218,-19.4245791378944
"739",-19.7307856130112,-21.3619529030068,-22.242013006022,-19.9497752931678
"740",-10.5714113461534,-10.7358098995723,-10.8738961684019,-12.7475676695324
"741",-4.70849143760504,-3.23375254402535,-4.94181411045838,-6.74986071790923
"742",-19.765556410085,-21.5281894184878,-23.4206716527316,-21.5630919368301
"743",-34.6334771879114,-31.1390639404904,-21.6237614690708,-23.0637721128959
"744",-13.6089771857128,-15.3736953886363,-17.295007629747,-14.1071778795005
"745",-19.1963856144711,-20.7525077497877,-17.4189686474492,-15.6704509772528
"746",-34.9218516044884,-36.9165594361924,-29.2721514974789,-30.8606214208359
"747",-3.98344738489465,-4.59669132341584,-3.58012968270573,-2.14229567531098
"748",-25.6319205586676,-27.5018416573705,-26.4039220786997,-22.7906252223467
"749",3.46154114759954,3.38567413592572,9.25371762164292,8.8031576262093
"750",-25.179502428848,-26.8513231127536,-26.968856565797,-26.4864047420848
"751",-11.3731904844617,-13.3726283244145,-15.3200373431585,-12.1912075387085
"752",-17.1454361074419,-18.7292713740988,-11.6636983597258,-7.61786047212808
"753",-20.7336300944496,-22.6654958204699,-22.81311000581,-20.3080773538676
"754",-14.684831387165,-16.1802431080796,-16.4309044634815,-16.3388287982561
"755",-19.1443018794522,-18.5966345719456,-18.2248433070599,-19.4024573325421
"756",-25.4332065761786,-27.2230623382106,-28.6802106450643,-29.3638035552573
"757",-16.9551136948265,-17.7883727599131,-13.437549284853,-14.7956246051439
"758",-9.95506291196117,-3.10380898028224,-4.97817372449972,-4.89339413290692
"759",-13.6633709084255,-15.5996250342151,-15.5402981219056,-12.5116519952838
"760",-28.9533600683842,-30.6066205539916,-25.7069638546902,-27.5695913026813
"761",-25.2602227938523,-24.9396786386404,-26.8645652807389,-18.8932819068494
"762",-5.33713594460104,-6.23083649193256,-7.60512339635066,-9.36553987721786
"763",-14.4375562416374,-14.864195814814,-15.1767862520335,-15.9880135906884
"764",-5.27769403299015,-5.76829565039457,-5.61780720082066,-7.49223747822679
"765",3.01404214426793,1.95423389773733,1.93180256036163,0.377208185839518
"766",-28.9975711887397,-25.8938324599852,-21.3716977692449,-17.332481112589
"767",-13.5260323490761,-11.4936988325606,-12.9585301262364,-14.9325636270347
"768",0.408622538446142,-0.879364292622515,-0.264632037925874,-0.294928612975493
"769",-26.2780893227858,-22.4913873576964,-11.9196015253159,-13.8013899556931
"770",-17.5273324606238,-18.6262605135251,-20.4142166357542,-18.9679797590082
"771",-15.1935606248232,-15.9960782632926,-17.7270914448061,-18.272749050659
"772",-9.36410479954603,-11.1915924275635,-12.7966307284223,-9.5731059620493
"773",-39.3257101449173,-34.2882584652322,-26.5953787898683,-26.3464467428815
"774",-16.7850063995489,-17.2766817265492,-18.0408854411314,-14.7191051821644
"775",-0.897855648488566,-1.32312709041515,1.81347117081516,0.0396495982286647
"776",-24.5002192834345,-26.4117255729246,-20.5981256316589,-21.075467993746
"777",-22.2587438054509,-18.4592708809008,-20.0777764868394,-21.8379337000738
"778",0.582711205644411,-1.41720390481629,-2.25490402549809,-1.88723010479631
"779",-11.6300714828859,-12.1536311825822,-10.1996599549223,-12.1433175558711
"780",-19.382830680626,-20.4441236328835,-15.7002724244662,-15.020246501168
"781",-8.4842252816244,-9.43654464666491,-10.5637310137205,-12.1811614548404
"782",-28.5132238867971,-28.4742014339594,-23.9269265849621,-25.4609997785213
"783",-6.10715382080799,-5.63307861176557,-3.98741701921809,-3.71510815393469
"784",-24.7209627224648,-26.6813590588673,-27.9077091782526,-23.8162360680534
"785",-3.3322096047593,-5.31186713860732,-4.85045163720139,-4.20767682654261
"786",-15.9264000319763,-17.8670388372773,-18.3949574312906,-16.2457236217339
"787",-19.7922365607494,-16.9251369631639,-18.7928736720016,-20.3703014276211
"788",-2.38608091863156,-4.20612374045159,-5.57755690196545,-4.89468785519849
"789",-0.678230488924793,-0.0536455663150974,2.71170380981341,0.720472327922342
"790",-7.49766650498345,-8.71347865713333,-10.4781026543648,-8.82589338391982
"791",-21.7230031760323,-21.656633420767,-22.9216329542209,-20.2186778670085
"792",-21.2485568719634,-19.954374185275,-12.2783534979339,-8.34248151573319
"793",-14.055669670459,-13.8040187958207,-9.37059315089262,-6.45985901536397
"794",-3.97373729048782,-5.96353081346478,-7.95244742583047,-6.48405970470409
"795",-9.75250387104467,-10.889880472861,-12.8876231442802,-11.6247602495501
"796",-25.6174298498828,-26.0559161558973,-17.1080289660918,-14.4324021837913
"797",-34.3990944240972,-36.2165794667197,-37.7869581263835,-34.3328150395505
"798",-4.22877913722803,-5.92816974172267,-7.81177011342306,-4.73973192132481
"799",-14.7094421415234,-16.5363740314954,-18.2287120659556,-16.044859647784
"800",-12.940933718708,-14.8643470799454,-8.94965485044708,-6.69439955040965
"801",-14.7781425563444,-14.8535395359842,-4.56690814136663,-6.35113233965407
"802",-22.3194684944805,-23.1938192622073,-21.1429312668994,-22.845710545694
"803",-15.3892646462464,-16.0317427542048,-13.6437905370228,-15.5746526143412
"804",-9.42000639241441,-11.0929430436218,-12.0550902108237,-12.8888280496799
"805",-11.4584391450861,-13.4578082973632,-15.2287447703548,-14.185808151631
"806",-15.6415222467814,-17.3814276694781,-18.7272767960797,-19.6984006922101
"807",-19.7302136186474,-18.9315047771204,-19.9638398608777,-21.7119795388844
"808",-3.66946855599455,4.64714019277722,6.70089545940859,10.2550595103314
"809",-28.881504309865,-28.1728500032235,-30.1392662038555,-29.6621410570599
"810",-24.0653678381305,-24.8611898053808,-26.4298349952974,-21.9113411368166
"811",-42.3738898960572,-33.9299788471014,-8.07835400018955,-10.0691356391709
"812",-13.1420115462251,-14.8412304795968,-15.6736401907782,-13.5273986669576
"813",-11.1922294384817,-13.1808397281888,-15.114640085295,-11.0352140383897
"814",-18.0416071904264,-20.024631380129,-20.106820744701,-20.9480032751934
"815",-24.5228035207458,-24.3362857887932,-23.8273743061634,-24.4752129999048
"816",-16.17383391161,-16.3454822690578,-18.1377025412869,-17.3289767642033
"817",-14.8892442767809,-16.7697836797158,-18.7382152512386,-16.0771357572589
"818",-11.2208800917179,-13.2205047544159,-15.1705119596097,-14.9119110037149
"819",-15.2008181513903,-15.6367725391349,-14.4110062639923,-13.3107871771783
"820",-3.67657603913573,-4.50758975420023,-5.43134401150419,-6.30022395512365
"821",-7.86497804801028,-9.85931150444485,-10.8747273265403,-9.64494986733012
"822",-17.4441133958469,-18.2040587443306,-5.68209384347109,-6.28282243018852
"823",-8.48893829593256,-8.91303677869628,-7.83464776795849,-9.45364517242611
"824",-24.5709332843046,-23.4612421719169,-25.2212842423188,-23.6012918705365
"825",-14.2194296545646,-16.1049915817535,-17.414647116611,-13.6025239291998
"826",-16.2628951529191,-17.6672007116955,-18.5163046682711,-18.7687846648494
"827",-34.1976680386968,-31.2526790451984,-20.9699763414039,-22.3387258161624
"828",-16.6178718892702,-15.6359592703768,-17.5586086545852,-16.6650790800923
"829",-3.26624221109376,-3.06865937930594,-1.72818709053525,-3.13036905492709
"830",-16.5653523478686,-13.0309146404455,-14.0172328635405,-14.7873898544685
"831",-19.6675739314572,-20.4125375700139,-22.3834772551179,-22.3882511042368
"832",-20.6189932954549,-22.609163555945,-19.3209975572393,-14.1193273476798
"833",-9.17289126240036,-9.77463582172939,-10.8470884470628,-11.1232203098536
"834",-29.5777863560932,-31.4243545767581,-28.2242505755328,-23.1040946967912
"835",-6.75768627938049,-4.07514759669794,-1.74619160035543,-1.58657287132155
"836",-27.3803381104536,-28.4256540213919,-26.8568123992216,-24.4470654721965
"837",-23.1079056051621,-20.5263397216109,-19.9041561779781,-21.5747498759177
"838",-21.8226481758365,-23.8226405601163,-25.7678539414989,-23.0416115836485
"839",-18.4132309619065,-18.5929505541782,-19.8271130010928,-21.7998137111549
"840",-16.0066284731158,-12.3018685278436,-14.2955270614334,-11.1480767842291
"841",-19.6480012027205,-21.2862428726535,-22.9758710183702,-24.1635429319821
"842",-7.67645196694655,-9.11288074907024,-9.50414096542968,-5.31993946701404
"843",-8.37786298253422,-10.3744400481368,-12.2031746813354,-11.2182080329935
"844",-33.0694052162558,-33.6379816339521,-31.8573470067922,-33.2039013407142
"845",-11.1928210562287,-12.2971822966099,-12.9495721984157,-10.9758976588134
"846",-16.6662488828014,-18.2924029611384,-16.3353960498665,-15.4539632244682
"847",-17.7692517229075,-19.6601707884745,-16.4536199603574,-15.0086549907614
"848",-36.9208587888623,-38.4087528580261,-28.863076667079,-20.1914262874077
"849",-26.7306194402152,-21.3373270974037,-22.456898151772,-5.48104501732944
"850",-29.8281589208318,-26.0058985459948,-20.9639857982434,-22.0192436801356
"851",-11.1668292697822,1.90258113294042,1.54815750916377,-0.447864148833372
"852",-5.79483226884624,-7.29845254785776,-7.7898913738809,-8.6709777808688
"853",-16.5786547316824,-18.464975644269,-19.7467122322646,-19.2681395711611
"854",-13.7165798194025,-14.6943481756557,-12.7802177941338,-13.7226904897508
"855",-11.7077329151614,-13.1727195459483,-14.603866837561,-11.2136798144563
"856",8.89255737649071,9.35242593929113,7.5118418988892,5.52268025770999
"857",-4.93169454180898,-3.43152502423695,-4.94357894472219,4.96601004995635
"858",-44.0042044690545,-45.6817984703091,-45.7081188582846,-44.6135975488744
"859",-33.281788849653,-22.2682357501514,-21.9934766330538,-22.3050827588867
"860",-19.0324928590705,-20.5293325790113,-18.2796075474896,-17.4043863410458
"861",-6.28163098263258,-6.20249915397985,-7.75676672183104,-9.19133190728601
"862",-9.30057832492738,-9.62157438725952,-7.90847003484772,-8.36500357487061
"863",-36.2649767867185,-37.3260678552567,-39.3081007857404,-41.3078624526376
"864",-5.05846933988665,-5.7255260106736,-6.21976441575038,-5.44759302971197
"865",-32.6405251323706,-32.9485407811422,-33.2230005229947,-34.4297496465872
"866",-10.469513828941,-12.3080901674573,-14.2863228643656,-10.8912015965929
"867",-12.2363778817341,-12.7263129747694,-5.70411461583394,-0.639256197402159
"868",-14.2252444286832,-15.689101447495,-16.0217206087645,-15.4656813365846
"869",-8.89442157663876,-10.5162549770233,-11.6319794418849,-12.3127280966098
"870",-8.52414640220753,-7.11142498311736,-4.61237387521265,-6.39807762980795
"871",-13.7732651748749,-14.0278187477321,-15.4406027982615,-15.9126233439368
"872",-20.6159971872004,-22.3061512250017,-15.4689671749203,-10.6701687514988
"873",-14.9549174918083,-7.24343810904601,-6.15496450630675,-1.47454117462742
"874",-3.52463053299242,-4.24387173419905,-2.19202639623735,-1.69472318724646
"875",-18.5249458225534,-18.7970583321636,-20.6906521496765,-6.4464203577983
"876",-29.5944057825804,-30.3022656893295,-20.1346756758173,-21.1311784392393
"877",2.30014552924238,0.349185618685143,-1.56012586447564,1.84326618788443
"878",-26.3028871557712,-11.0724465052553,-12.7950982815625,-10.8926991220236
"879",-14.7837102886157,-15.2291588455159,-6.31358981382656,-5.52831786630346
"880",-18.6885795372661,-18.28386838987,-12.1591721974927,-12.7420840296866
"881",-9.59225125432264,-11.1766430425909,-4.87373906479821,-3.05669984435061
"882",-9.9202368975869,-11.5919507944185,-10.1044407701854,-9.95188172973787
"883",-11.3253718623257,-13.2454648950629,-9.39126282979273,-9.06151800929528
"884",-33.8114448988019,-32.8304007146622,-34.7260197371346,-34.6162953047683
"885",-11.9297144820545,-13.8204166333811,-15.6167523679041,-12.8864697173844
"886",-9.28235910721339,-9.84538279473669,-9.76015752041488,-9.2855426643086
"887",-26.8683980905186,-27.6680975018128,-28.7585489904206,-23.5044241698233
"888",-33.3171021282386,-35.0670991321213,-35.7740109882347,-33.7245968475576
"889",2.24900666385458,0.926123492945193,-0.0522672017364352,-0.239456826626208
"890",-18.5763842438389,-18.1521589807707,-16.0647273103259,-14.3133961360244
"891",-22.9709831104666,-24.2929174023247,-26.0363776375625,-26.0928993885058
"892",-8.52154994914875,-7.95994720229494,-7.46595675521538,-7.64067954764228
"893",-34.6747688445629,-35.9294731423681,-24.7095815222726,-26.5653415795813
"894",-8.21047394158715,-8.31843262839761,-9.83661399752024,-11.1307509835946
"895",-0.869673970789503,0.0384765639411491,1.95764926078397,0.210204166661979
"896",-5.43482794648459,-5.72660368144692,-6.23017800770567,-8.19358454517924
"897",-23.2976412804633,-16.2189658508363,-9.48970613421759,-11.4407056256978
"898",-3.93143144467957,-5.20598893559746,-3.5407987766712,-2.62539864397489
"899",-6.40690043994477,-7.65528291530288,-7.867368025406,-8.58170560901261
"900",-8.48891925501368,-10.092031618673,-8.42141363877204,-8.69581014156734
"901",-10.9976359836228,-10.0664301185494,-5.44525982919012,-6.15921666879684
"902",-7.92462375383006,-9.86432659386974,-9.3798240566778,-3.24143231187895
"903",-8.81872053365251,-5.65819189829232,-6.44460155955353,-8.21953235963841
"904",-27.4024018326351,-27.0990598859359,-28.840799036714,-28.6544493460911
"905",-17.328903412367,-17.7294101231469,-6.7146445043821,-4.10348524649105
"906",-27.5458268134028,-27.4689760783955,-22.4053813655532,-22.9641439205795
"907",-11.015517053905,-13.0146891162695,-14.2764137303561,-13.6729789357972
"908",-22.6505315028374,-23.9463383695461,-18.0591489849579,-12.2430225808304
"909",-2.77646746010286,-2.39620421241982,-1.18067859898094,-2.5727968943083
"910",-17.578973950685,-18.1782100313231,-17.2567695194026,-18.3562037025264
"911",-4.78924536108882,-6.07945416507388,-4.20020077188154,-3.41764008972634
"912",-19.519812375991,-20.1156622510032,-18.1811405956541,-18.7053185634125
"913",-26.1334673113917,-25.7936411629439,-25.741798880284,-27.1644894754648
"914",-13.9050449592481,-15.8222049341248,-17.0794884278929,-14.2987480472655
"915",-43.9910247371067,-45.8857808182318,-37.4175696777521,-35.5442086766052
"916",-23.3029495088906,-24.3261469484258,-16.0537726955102,-13.280616181026
"917",-20.9323001386291,-21.0265259457998,-20.9814104152496,-20.0198759588185
"918",-0.594914782438764,-1.03001763077319,3.24567702571755,2.37058886587615
"919",-6.92281261788719,-7.82050061563349,-5.78069161997935,-4.28599464074822
"920",-14.1179252016202,-15.0409736982918,-16.6974434749066,-18.6537114945798
"921",-25.4180638465113,-24.5900076426836,-18.2048445916131,-19.3536472547865
"922",-14.1175253619453,-13.6557037756383,-13.2006537350507,-14.2930529813265
"923",-20.047591761527,-20.8678228951082,-15.4905038616952,-13.6129244365974
"924",-24.0679950335653,-25.4525022408903,-24.1586233636082,-24.9356033037973
"925",-7.333099306832,-5.68711271629728,-4.17908394296774,-5.86473677577492
"926",-4.98324558145955,-6.98272406908137,-5.9798165497415,-2.85863629747399
"927",-19.5147020043724,-19.4829878403924,-19.2456908260841,-17.5309649206699
"928",-1.4273056208158,-1.88849492684337,0.698413837234524,3.66705315221268
"929",-16.1126268849013,-17.2950282733052,-17.3529255205666,-14.9069559217284
"930",-13.2620795162084,-15.1517076058627,-10.496264006611,-4.1854185838542
"931",-26.8926919870688,-28.4758801714338,-21.8001590870944,-18.0385495344837
"932",-4.77091723063826,-6.70293896509973,-3.13961122000774,-1.85418182027193
"933",-9.32989997243037,-7.44539044054993,-9.42951870882782,-11.4042969133353
"934",-28.916025564807,-28.51568627408,-21.1804908290508,-21.1388685827486
"935",-13.6521130432466,-14.120930482408,-13.5945850047309,-14.7552901208285
"936",-30.034754441424,-29.9950049467246,-20.011904869826,-17.0957361944185
"937",-22.2488080381575,-23.6982016328376,-25.0521060063266,-24.7976783377548
"938",-1.93877386056988,-2.25165756610433,-4.14820221990927,-5.30490906335189
"939",-25.6961391791068,-27.6939398879055,-23.1386970679635,-17.8438086163943
"940",9.10651819980452,9.12400885452059,7.15401410692401,5.73386615574256
"941",-17.3841909204034,-13.9103879740729,-5.75880059117596,-7.59989074728629
"942",-22.4336846504917,-23.9578168070615,-22.2244621986796,-22.6567263438627
"943",-14.6605387699686,-16.4643880979644,-11.6229658215917,-5.6348814841877
"944",-9.75541673562779,-10.1634236964817,-9.49484433506217,-10.7171131884508
"945",-24.5472982867211,-26.282586601204,-25.5985303857091,-24.8786925165705
"946",-19.9785315468376,-20.8146704719498,-21.3257387100456,-22.8406997296581
"947",-1.53509048674859,-3.09984940393709,-4.8565244591784,-5.56578089881469
"948",-10.7196840642518,-11.9742932332728,-8.02751830777615,-9.51659020715637
"949",-4.37310616867775,-6.16222758213316,-7.68830715346629,-4.63418119117204
"950",-17.220290768328,-17.3197686811072,-15.617166873081,-16.7082006658931
"951",-29.9048840176626,-31.4978391855578,-24.2435060431236,-22.405103339148
"952",-5.67115833045296,-6.00527899805588,5.36839940912369,5.39504196367066
"953",-14.5783876884817,-15.1999003249567,-14.9281401111004,-11.2846794269081
"954",-26.6542711576077,-22.3556500354689,-2.82592499047643,-3.01960584019184
"955",-11.0993594747748,-12.1825779855584,-14.1748427201196,-11.8464154629898
"956",-18.4656971191502,-14.2767341750037,-15.6393477480719,-17.6005736970476
"957",-34.5897918170813,-36.5794676217121,-24.921140302421,-26.6895358066196
"958",-20.685156515157,-22.6275070793557,-23.634829989438,-23.2586955626526
"959",-6.28212014133392,-8.23147936036482,-5.83589321242705,-6.07657550555827
"960",-15.2099361095905,-15.5472557536974,-9.69777908394034,-7.57156986603958
"961",-17.0985707526503,-18.7250202842187,-20.0451215954385,-19.6798415175501
"962",-22.1983629736826,-24.1816938011663,-23.8879510008639,-19.8844559657737
"963",-21.0999916080196,-19.2111985822049,-10.339132329007,-7.01603369078196
"964",-0.868053546979128,-1.88264951961988,-3.34871529245594,-3.35528930136667
"965",-27.013737188397,-28.6326795959597,-11.3884411882706,-13.1237676407206
"966",6.20523408947905,7.42971077553443,6.40648035158373,4.54683053680965
"967",-14.7430007882761,-15.4728271391135,-17.4727042021721,-19.4568615147351
"968",-11.8852070868534,-13.8278906372459,-12.3637537716224,-11.6369583195186
"969",-3.80144600382939,-2.26996148490944,-0.933518458615846,-2.1755771081662
"970",-19.6689017089299,-20.8804416783362,-13.9245835354464,-10.3460094800261
"971",-10.9080372500913,-12.2242525469484,-12.383442156857,-10.6195588118747
"972",-7.80210140816525,-9.55942411415462,-7.66528963266977,-6.68764112296502
"973",-14.3392799252358,-15.2585324942503,-17.0442000807762,-13.3521098150911
"974",-8.54216048734575,-10.4124025930907,-7.70946595007534,-9.6972791660739
"975",-23.7194213884157,-24.8251871664142,-26.2931646188857,-26.3715602604911
"976",-28.4417829541044,-30.1412274954795,-22.1369691075999,-20.9489601794913
"977",-30.9696295638849,-32.6622011108151,-23.5630344588549,-25.0517776171201
"978",-34.5452108559164,-32.264180647927,-33.9784244144905,-35.823839328258
"979",-4.55297027020045,-5.8435917551243,-6.6093861190881,-7.58952717980472
"980",-5.72175906437228,-6.09938741702882,-5.62423729729327,-7.2531016289252
"981",-15.1355360443043,-15.9011130231403,-15.6002420296284,-16.4793132346396
"982",-8.92305224581858,-10.4109092228175,-11.6641482407519,-6.97450022048935
"983",-13.993153903923,-14.9409179971108,-16.3702205601793,-15.8677937969465
"984",-11.0116229470853,-12.7610313318679,-13.3608323257218,-11.5592577277225
"985",-17.8915593846399,-18.7443386337916,-20.6016796872924,-22.5252521276163
"986",-21.3324734647099,-22.0868164124497,-19.8795557466932,-21.4186146272057
"987",-21.0087415007675,-21.408032986167,-23.3114637806899,-22.5451453837077
"988",-7.3829404299663,-6.48868661726332,-4.54104585252367,-6.35247288797115
"989",-17.8585878794221,-19.837018583667,-21.6759822325594,-21.3615459066971
"990",-18.582235008961,-20.0848511661495,-18.5921669874059,-17.0313268827962
"991",-3.59813005566829,-4.17408879359009,-3.47407095873916,-5.1698828095305
"992",-6.54990848477825,-8.28997487405941,-9.03690376612861,-6.8766205672453
"993",-7.47137417700167,-9.43136496300788,-7.49593471891049,-6.48204243490615
"994",2.43903201983068,1.15202810440428,6.54852181510468,10.383158810583
"995",-12.1498037290836,-12.9321518235269,-14.8682697740254,-15.7884051510406
"996",-3.50535164285467,-5.0535538876369,-6.93550052909396,-7.53636873259269
"997",-24.7195527759814,-26.628156691463,-13.7914499371949,-7.61993440881444
"998",-6.54107972367848,-7.68934304586427,-8.98742236826834,-10.2007121045665
"999",-17.418264575584,-18.7648079710922,-16.6928520863984,-12.7217226433186
"1000",-14.5820591107939,-15.9447069511086,-17.583834097665,-18.3571019881155
