subj,block,pm_acc,meanTrial_rt,og_acc,blockType
s01,"('mnm1', 4)",1.0,1.4123636782169342,0.8,MnM
s01,"('mnm1', 4)",1.0,1.3732334136962892,1.0,MnM
s01,"('mnm1', 4)",1.0,1.250308911005656,0.9230769230769231,MnM
s01,"('mnm1', 4)",0.0,1.3892755508422852,0.5454545454545454,MnM
s01,"('mnm1', 4)",1.0,1.2759929597377777,0.8888888888888888,MnM
s01,"('mnm1', 4)",0.0,1.367673028599132,0.9166666666666666,MnM
s01,"('mnm1', 4)",1.0,1.2111511663957075,1.0,MnM
s01,"('mnm1', 4)",0.0,1.11148601770401,0.8888888888888888,MnM
s01,"('mnm1', 4)",0.0,1.0799973964691163,0.8333333333333334,MnM
s01,"('mnm1', 4)",1.0,1.0422804355621338,0.75,MnM
s01,"('mnm1', 4)",1.0,1.3989821947537935,0.9285714285714286,MnM
s01,"('mnm1', 4)",1.0,1.3418952118266712,1.0,MnM
s01,"('mnm1', 4)",1.0,1.287735919157664,0.9230769230769231,MnM
s01,"('mnm1', 4)",0.0,1.3740753477269954,0.8461538461538461,MnM
s01,"('mnm1', 4)",1.0,1.4665967226028442,1.0,MnM
s01,"('mnm1', 4)",1.0,1.54574593630704,0.8571428571428571,MnM
s01,"('mnm1', 4)",1.0,1.0815176566441853,0.8666666666666667,MnM
s01,"('mnm1', 4)",0.0,,0.0,MnM
s01,"('mnm1', 4)",1.0,1.2483899593353271,0.875,MnM
s01,"('mnm1', 4)",1.0,1.0894037485122678,1.0,MnM
s01,"('mnm2', 7)",1.0,1.0978874862194061,1.0,MnM
s01,"('mnm2', 7)",0.0,1.4508002671328457,0.9166666666666666,MnM
s01,"('mnm2', 7)",1.0,1.2767032861709595,0.7333333333333333,MnM
s01,"('mnm2', 7)",1.0,1.3319310591771052,0.9285714285714286,MnM
s01,"('mnm2', 7)",1.0,1.6162527203559875,0.6666666666666666,MnM
s01,"('mnm2', 7)",1.0,1.5630344152450562,0.6666666666666666,MnM
s01,"('mnm2', 7)",0.0,1.1239773545946394,0.6363636363636364,MnM
s01,"('mnm2', 7)",1.0,1.1789676666259765,1.0,MnM
s01,"('mnm2', 7)",1.0,1.3087047934532166,0.8888888888888888,MnM
s01,"('mnm2', 7)",1.0,1.2135789944575384,0.9285714285714286,MnM
s01,"('mnm2', 7)",0.0,1.3118361559781162,0.9166666666666666,MnM
s01,"('mnm2', 7)",0.0,1.3715350844643333,0.7333333333333333,MnM
s01,"('mnm2', 7)",1.0,1.298626388822283,0.7,MnM
s01,"('mnm2', 7)",1.0,1.0414608391848477,0.8461538461538461,MnM
s01,"('mnm2', 7)",0.0,1.038166602452596,0.6,MnM
s01,"('mnm2', 7)",0.0,1.3216033379236858,0.75,MnM
s01,"('mnm2', 7)",0.0,1.1237802505493164,0.625,MnM
s01,"('mnm2', 7)",1.0,1.0103281094477727,1.0,MnM
s01,"('mnm2', 7)",1.0,1.2234623432159424,1.0,MnM
s01,"('mnm2', 7)",1.0,1.15350022315979,1.0,MnM
s02,"('mnm1', 4)",1.0,1.2579309940338135,1.0,MnM
s02,"('mnm1', 4)",0.0,1.154221812884013,0.8571428571428571,MnM
s02,"('mnm1', 4)",0.0,1.589350938796997,0.6666666666666666,MnM
s02,"('mnm1', 4)",1.0,1.3138553500175476,0.9285714285714286,MnM
s02,"('mnm1', 4)",1.0,1.1730599403381348,1.0,MnM
s02,"('mnm1', 4)",1.0,1.1581213772296906,1.0,MnM
s02,"('mnm1', 4)",1.0,1.2960048913955688,1.0,MnM
s02,"('mnm1', 4)",1.0,1.0959218978881835,1.0,MnM
s02,"('mnm1', 4)",1.0,1.2392529845237732,0.8888888888888888,MnM
s02,"('mnm1', 4)",1.0,1.2571006351047092,0.75,MnM
s02,"('mnm1', 4)",1.0,1.1751410563786824,0.9230769230769231,MnM
s02,"('mnm1', 4)",1.0,1.2533125480016072,1.0,MnM
s02,"('mnm1', 4)",1.0,1.0325550522123064,1.0,MnM
s02,"('mnm1', 4)",1.0,1.2449970895593816,1.0,MnM
s02,"('mnm1', 4)",0.0,1.0051618682013617,0.9,MnM
s02,"('mnm1', 4)",1.0,1.2030793031056721,1.0,MnM
s02,"('mnm1', 4)",1.0,1.2711000809302697,1.0,MnM
s02,"('mnm1', 4)",1.0,1.1653042137622833,1.0,MnM
s02,"('mnm1', 4)",1.0,0.9971956968307495,1.0,MnM
s02,"('mnm1', 4)",1.0,1.1121874385409884,1.0,MnM
s02,"('mnm2', 7)",1.0,1.1603055000305176,1.0,MnM
s02,"('mnm2', 7)",1.0,0.9154692888259888,1.0,MnM
s02,"('mnm2', 7)",1.0,1.3255844116210938,1.0,MnM
s02,"('mnm2', 7)",1.0,1.1249617205725775,1.0,MnM
s02,"('mnm2', 7)",0.0,1.250092577934265,0.9090909090909091,MnM
s02,"('mnm2', 7)",1.0,1.2304051092692785,1.0,MnM
s02,"('mnm2', 7)",0.0,1.3291642904281615,0.7692307692307693,MnM
s02,"('mnm2', 7)",1.0,1.3545095324516296,1.0,MnM
s02,"('mnm2', 7)",1.0,1.143147051334381,0.9230769230769231,MnM
s02,"('mnm2', 7)",1.0,1.3357231616973877,1.0,MnM
s02,"('mnm2', 7)",1.0,1.211476355791092,1.0,MnM
s02,"('mnm2', 7)",0.0,1.2996765673160553,0.8888888888888888,MnM
s02,"('mnm2', 7)",1.0,1.1858031511306764,0.7692307692307693,MnM
s02,"('mnm2', 7)",1.0,1.096813133784703,1.0,MnM
s02,"('mnm2', 7)",0.0,1.0882564120822482,0.8181818181818182,MnM
s02,"('mnm2', 7)",1.0,1.0877384901046754,1.0,MnM
s02,"('mnm2', 7)",1.0,0.8969067573547364,0.8333333333333334,MnM
s02,"('mnm2', 7)",1.0,1.2637656688690186,0.9090909090909091,MnM
s02,"('mnm2', 7)",1.0,1.1114824685183438,0.7857142857142857,MnM
s02,"('mnm2', 7)",1.0,1.0758627653121948,1.0,MnM
s03,"('mnm1', 4)",1.0,0.9361967245737711,0.9230769230769231,MnM
s03,"('mnm1', 4)",1.0,0.9568765428331163,0.9,MnM
s03,"('mnm1', 4)",1.0,0.984405779838562,0.9090909090909091,MnM
s03,"('mnm1', 4)",1.0,0.8698611770357404,1.0,MnM
s03,"('mnm1', 4)",1.0,0.8547648191452026,0.9230769230769231,MnM
s03,"('mnm1', 4)",1.0,0.9675624668598175,0.8888888888888888,MnM
s03,"('mnm1', 4)",1.0,1.0161345655267888,0.9166666666666666,MnM
s03,"('mnm1', 4)",1.0,1.103677749633789,1.0,MnM
s03,"('mnm1', 4)",1.0,0.9107047186957465,1.0,MnM
s03,"('mnm1', 4)",1.0,1.043350911140442,1.0,MnM
s03,"('mnm1', 4)",0.0,,0.0,MnM
s03,"('mnm1', 4)",0.0,1.0358249346415203,0.8571428571428571,MnM
s03,"('mnm1', 4)",0.0,0.8070318698883057,0.5,MnM
s03,"('mnm1', 4)",0.0,1.0636398451668876,0.875,MnM
s03,"('mnm1', 4)",1.0,0.7601731816927592,1.0,MnM
s03,"('mnm1', 4)",1.0,0.9623841285705567,1.0,MnM
s03,"('mnm1', 4)",1.0,0.8214886585871378,1.0,MnM
s03,"('mnm1', 4)",1.0,0.8563456237316132,1.0,MnM
s03,"('mnm1', 4)",1.0,1.0733562537602015,1.0,MnM
s03,"('mnm1', 4)",1.0,1.068985870906285,1.0,MnM
s03,"('mnm2', 7)",0.0,0.8729189872741699,0.9090909090909091,MnM
s03,"('mnm2', 7)",0.0,0.8588013465587909,0.9285714285714286,MnM
s03,"('mnm2', 7)",1.0,0.8653745353221893,1.0,MnM
s03,"('mnm2', 7)",1.0,1.0306929690497262,1.0,MnM
s03,"('mnm2', 7)",1.0,0.9528028964996338,1.0,MnM
s03,"('mnm2', 7)",1.0,0.9887251324123807,1.0,MnM
s03,"('mnm2', 7)",1.0,0.9171957969665527,1.0,MnM
s03,"('mnm2', 7)",1.0,0.8179980974930984,1.0,MnM
s03,"('mnm2', 7)",1.0,1.1022295753161113,0.8571428571428571,MnM
s03,"('mnm2', 7)",0.0,0.7961106777191163,0.9090909090909091,MnM
s03,"('mnm2', 7)",1.0,0.9418150583902994,1.0,MnM
s03,"('mnm2', 7)",0.0,0.9484467506408691,0.9166666666666666,MnM
s03,"('mnm2', 7)",1.0,0.8479101317269462,1.0,MnM
s03,"('mnm2', 7)",1.0,0.6859156063624791,1.0,MnM
s03,"('mnm2', 7)",0.0,0.7543783485889435,0.8888888888888888,MnM
s03,"('mnm2', 7)",1.0,0.8401719790238601,0.9333333333333333,MnM
s03,"('mnm2', 7)",1.0,0.9087567726771036,0.9230769230769231,MnM
s03,"('mnm2', 7)",0.0,0.8095781803131104,0.9,MnM
s03,"('mnm2', 7)",0.0,1.028184413909912,0.875,MnM
s03,"('mnm2', 7)",1.0,0.9405970573425293,1.0,MnM
s04,"('mnm1', 4)",0.0,1.4292239665985107,0.9090909090909091,MnM
s04,"('mnm1', 4)",1.0,1.3727400302886963,0.7777777777777778,MnM
s04,"('mnm1', 4)",1.0,1.430080193739671,0.9285714285714286,MnM
s04,"('mnm1', 4)",0.0,1.3026918497952549,0.7333333333333333,MnM
s04,"('mnm1', 4)",1.0,1.2774784564971924,0.8888888888888888,MnM
s04,"('mnm1', 4)",1.0,1.1379921833674114,1.0,MnM
s04,"('mnm1', 4)",1.0,1.0263377130031586,1.0,MnM
s04,"('mnm1', 4)",0.0,1.4043411493301392,0.8333333333333334,MnM
s04,"('mnm1', 4)",0.0,1.2494187884860568,0.75,MnM
s04,"('mnm1', 4)",0.0,1.2211431662241619,0.75,MnM
s04,"('mnm1', 4)",0.0,1.3809287548065186,0.8,MnM
s04,"('mnm1', 4)",0.0,,0.0,MnM
s04,"('mnm1', 4)",0.0,1.3715053796768188,0.8571428571428571,MnM
s04,"('mnm1', 4)",1.0,1.2223946783277724,0.8181818181818182,MnM
s04,"('mnm1', 4)",0.0,1.4608336024814181,0.9,MnM
s04,"('mnm1', 4)",0.0,,0.0,MnM
s04,"('mnm1', 4)",0.0,1.3560287952423096,0.6666666666666666,MnM
s04,"('mnm1', 4)",0.0,1.4547564766623757,0.8461538461538461,MnM
s04,"('mnm1', 4)",1.0,1.394789797919137,1.0,MnM
s04,"('mnm1', 4)",0.0,0.916253407796224,0.75,MnM
s04,"('mnm2', 7)",0.0,1.0949642658233643,0.8888888888888888,MnM
s04,"('mnm2', 7)",1.0,1.3775316874186199,0.9,MnM
s04,"('mnm2', 7)",0.0,1.3655979633331299,0.7857142857142857,MnM
s04,"('mnm2', 7)",1.0,1.4984230399131775,0.8888888888888888,MnM
s04,"('mnm2', 7)",0.0,1.0524218082427979,1.0,MnM
s04,"('mnm2', 7)",0.0,1.2819050153096516,0.6,MnM
s04,"('mnm2', 7)",1.0,1.2784176170825958,1.0,MnM
s04,"('mnm2', 7)",1.0,1.3419318849390203,0.9166666666666666,MnM
s04,"('mnm2', 7)",0.0,1.340394878387451,0.6666666666666666,MnM
s04,"('mnm2', 7)",0.0,1.3599658012390137,0.75,MnM
s04,"('mnm2', 7)",1.0,1.6404719352722168,1.0,MnM
s04,"('mnm2', 7)",0.0,0.8731639385223389,0.3333333333333333,MnM
s04,"('mnm2', 7)",1.0,1.1431076791551378,0.9,MnM
s04,"('mnm2', 7)",1.0,1.221445341904958,0.9230769230769231,MnM
s04,"('mnm2', 7)",0.0,0.9869906107584635,0.6666666666666666,MnM
s04,"('mnm2', 7)",0.0,1.096692681312561,0.6666666666666666,MnM
s04,"('mnm2', 7)",1.0,1.327006196975708,1.0,MnM
s04,"('mnm2', 7)",1.0,1.0853796601295471,0.8571428571428571,MnM
s04,"('mnm2', 7)",1.0,1.2536011934280396,0.8333333333333334,MnM
s04,"('mnm2', 7)",1.0,1.3070924878120422,0.9230769230769231,MnM
s05,"('mnm1', 4)",0.0,0.9862720966339111,0.7,MnM
s05,"('mnm1', 4)",0.0,1.0097192355564661,0.7777777777777778,MnM
s05,"('mnm1', 4)",0.0,0.8428819179534912,0.3333333333333333,MnM
s05,"('mnm1', 4)",1.0,1.1241579254468281,1.0,MnM
s05,"('mnm1', 4)",1.0,0.7939806381861368,0.8571428571428571,MnM
s05,"('mnm1', 4)",1.0,0.9973647832870484,0.9090909090909091,MnM
s05,"('mnm1', 4)",1.0,1.2071486314137776,1.0,MnM
s05,"('mnm1', 4)",0.0,1.2268993457158406,0.75,MnM
s05,"('mnm1', 4)",0.0,0.8694145679473877,0.6666666666666666,MnM
s05,"('mnm1', 4)",0.0,1.134760816891988,0.75,MnM
s05,"('mnm1', 4)",0.0,1.3110624876889316,0.7857142857142857,MnM
s05,"('mnm1', 4)",1.0,1.0789062261581421,1.0,MnM
s05,"('mnm1', 4)",1.0,1.1061942875385284,0.7272727272727273,MnM
s05,"('mnm1', 4)",1.0,0.8949952342293479,0.7857142857142857,MnM
s05,"('mnm1', 4)",1.0,1.1118751005692915,0.8461538461538461,MnM
s05,"('mnm1', 4)",1.0,1.2322978973388672,1.0,MnM
s05,"('mnm1', 4)",0.0,0.7873663663864136,0.7692307692307693,MnM
s05,"('mnm1', 4)",1.0,0.9514692379878118,0.9333333333333333,MnM
s05,"('mnm1', 4)",1.0,1.0608385006586711,1.0,MnM
s05,"('mnm1', 4)",1.0,1.000838613510132,1.0,MnM
s05,"('mnm2', 7)",0.0,1.0045998746698552,0.7857142857142857,MnM
s05,"('mnm2', 7)",1.0,1.145636134677463,0.7142857142857143,MnM
s05,"('mnm2', 7)",0.0,0.8349106992994036,0.875,MnM
s05,"('mnm2', 7)",0.0,1.0800160765647888,0.8571428571428571,MnM
s05,"('mnm2', 7)",1.0,1.2042213848658971,0.7777777777777778,MnM
s05,"('mnm2', 7)",1.0,0.96164470911026,1.0,MnM
s05,"('mnm2', 7)",1.0,0.9745664596557617,0.9166666666666666,MnM
s05,"('mnm2', 7)",0.0,0.8839338090684679,0.9,MnM
s05,"('mnm2', 7)",0.0,0.8802469306521945,0.9,MnM
s05,"('mnm2', 7)",1.0,0.8374793052673339,1.0,MnM
s05,"('mnm2', 7)",0.0,1.317628557031805,0.8461538461538461,MnM
s05,"('mnm2', 7)",1.0,0.8112583637237549,0.9090909090909091,MnM
s05,"('mnm2', 7)",1.0,1.1602514130728585,0.875,MnM
s05,"('mnm2', 7)",1.0,0.9294793055607722,0.9285714285714286,MnM
s05,"('mnm2', 7)",0.0,,0.0,MnM
s05,"('mnm2', 7)",0.0,1.067357063293457,0.5,MnM
s05,"('mnm2', 7)",0.0,0.8095873269167814,0.8461538461538461,MnM
s05,"('mnm2', 7)",1.0,1.0781453371047973,0.9090909090909091,MnM
s05,"('mnm2', 7)",1.0,1.0751615437594326,0.9166666666666666,MnM
s05,"('mnm2', 7)",1.0,0.8097382954188755,0.7777777777777778,MnM
s06,"('mnm1', 4)",1.0,1.7178806728786893,0.9,MnM
s06,"('mnm1', 4)",1.0,1.423559993505478,0.8888888888888888,MnM
s06,"('mnm1', 4)",1.0,1.3434165807870717,1.0,MnM
s06,"('mnm1', 4)",1.0,1.0085015296936035,1.0,MnM
s06,"('mnm1', 4)",0.0,1.2383969697085293,0.8461538461538461,MnM
s06,"('mnm1', 4)",1.0,1.0953493851881762,0.9285714285714286,MnM
s06,"('mnm1', 4)",0.0,1.1204572916030884,0.9090909090909091,MnM
s06,"('mnm1', 4)",0.0,1.54454619543893,0.7777777777777778,MnM
s06,"('mnm1', 4)",1.0,1.04209246635437,0.9090909090909091,MnM
s06,"('mnm1', 4)",1.0,1.089458179473877,0.9090909090909091,MnM
s06,"('mnm1', 4)",1.0,1.2731195489565532,0.9230769230769231,MnM
s06,"('mnm1', 4)",1.0,1.1992473602294922,1.0,MnM
s06,"('mnm1', 4)",0.0,1.0914088657924108,1.0,MnM
s06,"('mnm1', 4)",0.0,0.689581036567688,0.5,MnM
s06,"('mnm1', 4)",0.0,0.8141294206891742,0.7777777777777778,MnM
s06,"('mnm1', 4)",0.0,1.2517535090446472,0.6666666666666666,MnM
s06,"('mnm1', 4)",1.0,0.9528489112854004,1.0,MnM
s06,"('mnm1', 4)",1.0,1.0811080015622652,0.9333333333333333,MnM
s06,"('mnm1', 4)",0.0,1.1231723932119517,0.9285714285714286,MnM
s06,"('mnm1', 4)",1.0,1.226933138711112,0.7777777777777778,MnM
s06,"('mnm2', 7)",1.0,0.8823985060056051,1.0,MnM
s06,"('mnm2', 7)",1.0,1.0660600662231445,0.8181818181818182,MnM
s06,"('mnm2', 7)",0.0,0.8843604417947623,0.9285714285714286,MnM
s06,"('mnm2', 7)",0.0,0.8501142978668212,1.0,MnM
s06,"('mnm2', 7)",1.0,1.2920007705688477,0.9333333333333333,MnM
s06,"('mnm2', 7)",1.0,1.1579754114151002,1.0,MnM
s06,"('mnm2', 7)",1.0,1.0407443284988402,0.7142857142857143,MnM
s06,"('mnm2', 7)",0.0,0.9604120254516602,0.5,MnM
s06,"('mnm2', 7)",0.0,0.8433821201324463,0.8333333333333334,MnM
s06,"('mnm2', 7)",1.0,1.0281542778015136,1.0,MnM
s06,"('mnm2', 7)",1.0,1.0658043714670034,1.0,MnM
s06,"('mnm2', 7)",1.0,1.2345969080924988,1.0,MnM
s06,"('mnm2', 7)",1.0,1.0039617617925007,0.9230769230769231,MnM
s06,"('mnm2', 7)",1.0,1.1647094396444468,0.9333333333333333,MnM
s06,"('mnm2', 7)",1.0,1.154717657301161,1.0,MnM
s06,"('mnm2', 7)",0.0,1.3224833806355794,0.6666666666666666,MnM
s06,"('mnm2', 7)",1.0,1.1834495862325032,0.9,MnM
s06,"('mnm2', 7)",1.0,1.0592096192496163,0.875,MnM
s06,"('mnm2', 7)",1.0,1.1960604190826416,0.75,MnM
s06,"('mnm2', 7)",1.0,1.241916916587136,0.9166666666666666,MnM
s07,"('mnm1', 4)",1.0,1.0734171271324158,0.8888888888888888,MnM
s07,"('mnm1', 4)",0.0,0.8426147401332855,0.8888888888888888,MnM
s07,"('mnm1', 4)",0.0,0.6302823225657145,0.75,MnM
s07,"('mnm1', 4)",1.0,0.9497658610343933,0.9230769230769231,MnM
s07,"('mnm1', 4)",1.0,1.0730781738574688,1.0,MnM
s07,"('mnm1', 4)",0.0,0.7622826950890678,0.9333333333333333,MnM
s07,"('mnm1', 4)",1.0,0.987694525718689,1.0,MnM
s07,"('mnm1', 4)",1.0,1.0832331478595734,1.0,MnM
s07,"('mnm1', 4)",0.0,0.7876879085193981,0.9166666666666666,MnM
s07,"('mnm1', 4)",1.0,1.0765289919716972,1.0,MnM
s07,"('mnm1', 4)",1.0,0.8829005718231201,1.0,MnM
s07,"('mnm1', 4)",1.0,0.7677891254425049,1.0,MnM
s07,"('mnm1', 4)",1.0,0.8943814992904663,0.9090909090909091,MnM
s07,"('mnm1', 4)",1.0,1.1715834935506184,0.75,MnM
s07,"('mnm1', 4)",1.0,1.0514961389394908,0.9333333333333333,MnM
s07,"('mnm1', 4)",1.0,0.8893380641937256,1.0,MnM
s07,"('mnm1', 4)",1.0,0.7116166028109464,1.0,MnM
s07,"('mnm1', 4)",0.0,0.695228656133016,0.75,MnM
s07,"('mnm1', 4)",1.0,0.8267464978354317,1.0,MnM
s07,"('mnm1', 4)",0.0,0.7094988822937012,0.5,MnM
s07,"('mnm2', 7)",1.0,0.8364969216860257,1.0,MnM
s07,"('mnm2', 7)",0.0,0.7051290074984232,0.9230769230769231,MnM
s07,"('mnm2', 7)",0.0,0.6205639498574393,0.875,MnM
s07,"('mnm2', 7)",1.0,0.8605819599969047,1.0,MnM
s07,"('mnm2', 7)",0.0,0.760108470916748,0.8888888888888888,MnM
s07,"('mnm2', 7)",1.0,0.8973004579544067,0.9090909090909091,MnM
s07,"('mnm2', 7)",1.0,0.9825879227031361,0.9166666666666666,MnM
s07,"('mnm2', 7)",1.0,0.8313090562820434,1.0,MnM
s07,"('mnm2', 7)",0.0,0.731686917218295,0.9166666666666666,MnM
s07,"('mnm2', 7)",1.0,0.6779329776763916,1.0,MnM
s07,"('mnm2', 7)",0.0,0.6381959915161133,0.8,MnM
s07,"('mnm2', 7)",1.0,0.7170784984316144,1.0,MnM
s07,"('mnm2', 7)",0.0,,0.0,MnM
s07,"('mnm2', 7)",1.0,0.8595199584960938,1.0,MnM
s07,"('mnm2', 7)",1.0,0.9648026136251596,0.9333333333333333,MnM
s07,"('mnm2', 7)",1.0,0.978759595326015,0.875,MnM
s07,"('mnm2', 7)",1.0,0.9199823416196383,0.9333333333333333,MnM
s07,"('mnm2', 7)",1.0,0.8436997731526693,1.0,MnM
s07,"('mnm2', 7)",1.0,0.8946492671966553,1.0,MnM
s07,"('mnm2', 7)",0.0,0.6764261722564697,0.5,MnM
s08,"('mnm1', 4)",1.0,1.016107705923227,0.9285714285714286,MnM
s08,"('mnm1', 4)",0.0,0.9202486601742831,0.9166666666666666,MnM
s08,"('mnm1', 4)",1.0,0.932186484336853,1.0,MnM
s08,"('mnm1', 4)",1.0,0.7669739961624146,1.0,MnM
s08,"('mnm1', 4)",0.0,0.8376405239105225,0.9333333333333333,MnM
s08,"('mnm1', 4)",0.0,0.902098536491394,0.6666666666666666,MnM
s08,"('mnm1', 4)",1.0,0.8987044095993042,1.0,MnM
s08,"('mnm1', 4)",1.0,0.8799974918365479,1.0,MnM
s08,"('mnm1', 4)",0.0,0.9725730078560966,0.875,MnM
s08,"('mnm1', 4)",1.0,1.2086713314056396,0.9230769230769231,MnM
s08,"('mnm1', 4)",0.0,0.8782358169555664,0.9090909090909091,MnM
s08,"('mnm1', 4)",0.0,0.7701633193276145,0.8461538461538461,MnM
s08,"('mnm1', 4)",1.0,0.9786483645439148,1.0,MnM
s08,"('mnm1', 4)",1.0,0.7287399053573609,1.0,MnM
s08,"('mnm1', 4)",1.0,0.7371473610401154,0.8888888888888888,MnM
s08,"('mnm1', 4)",0.0,0.6595462322235107,0.9090909090909091,MnM
s08,"('mnm1', 4)",1.0,1.0942650139331818,0.8888888888888888,MnM
s08,"('mnm1', 4)",1.0,0.7540900026048932,1.0,MnM
s08,"('mnm1', 4)",0.0,0.822842077775435,0.9166666666666666,MnM
s08,"('mnm1', 4)",1.0,0.932590126991272,1.0,MnM
s08,"('mnm2', 7)",0.0,0.6863194704055786,0.8333333333333334,MnM
s08,"('mnm2', 7)",0.0,0.9032556360418146,0.9166666666666666,MnM
s08,"('mnm2', 7)",0.0,0.6676869988441467,0.8,MnM
s08,"('mnm2', 7)",1.0,0.8318933116065131,0.9,MnM
s08,"('mnm2', 7)",1.0,0.776600095960829,1.0,MnM
s08,"('mnm2', 7)",1.0,0.9517098903656006,0.9090909090909091,MnM
s08,"('mnm2', 7)",1.0,0.9014702694756644,1.0,MnM
s08,"('mnm2', 7)",0.0,0.6408816467631947,0.8461538461538461,MnM
s08,"('mnm2', 7)",0.0,0.7363847096761068,0.8571428571428571,MnM
s08,"('mnm2', 7)",1.0,0.8451329867045084,0.9230769230769231,MnM
s08,"('mnm2', 7)",0.0,0.6860069433848063,0.75,MnM
s08,"('mnm2', 7)",0.0,0.7812415872301374,0.7777777777777778,MnM
s08,"('mnm2', 7)",1.0,0.7854013272694179,1.0,MnM
s08,"('mnm2', 7)",0.0,0.8597097056252616,0.9333333333333333,MnM
s08,"('mnm2', 7)",0.0,0.929295539855957,0.6666666666666666,MnM
s08,"('mnm2', 7)",0.0,0.9041987657546997,0.8,MnM
s08,"('mnm2', 7)",1.0,0.8701150050530067,0.9333333333333333,MnM
s08,"('mnm2', 7)",0.0,0.734468142191569,0.75,MnM
s08,"('mnm2', 7)",1.0,0.8461868762969971,0.8181818181818182,MnM
s08,"('mnm2', 7)",1.0,0.8833640813827515,1.0,MnM
s09,"('mnm1', 4)",0.0,0.8440832495689392,0.8,MnM
s09,"('mnm1', 4)",1.0,0.98807523467324,0.7857142857142857,MnM
s09,"('mnm1', 4)",1.0,0.9761113020089957,0.9333333333333333,MnM
s09,"('mnm1', 4)",0.0,0.8206406434377035,0.5,MnM
s09,"('mnm1', 4)",0.0,1.0225473642349243,0.6666666666666666,MnM
s09,"('mnm1', 4)",0.0,0.8440788586934408,0.75,MnM
s09,"('mnm1', 4)",1.0,1.1879714835773816,0.8,MnM
s09,"('mnm1', 4)",0.0,0.7875583822076971,0.9166666666666666,MnM
s09,"('mnm1', 4)",1.0,1.096490502357483,0.9090909090909091,MnM
s09,"('mnm1', 4)",1.0,0.7471631467342377,0.8,MnM
s09,"('mnm1', 4)",0.0,0.7733590006828308,0.6666666666666666,MnM
s09,"('mnm1', 4)",1.0,0.9327951994809237,1.0,MnM
s09,"('mnm1', 4)",1.0,1.1630210161209107,1.0,MnM
s09,"('mnm1', 4)",1.0,0.9588831492832729,0.875,MnM
s09,"('mnm1', 4)",1.0,1.1552138328552246,1.0,MnM
s09,"('mnm1', 4)",0.0,1.028909146785736,0.6153846153846154,MnM
s09,"('mnm1', 4)",0.0,1.1388275027275085,0.6666666666666666,MnM
s09,"('mnm1', 4)",1.0,0.9235961096627372,0.7777777777777778,MnM
s09,"('mnm1', 4)",1.0,0.9916180372238159,0.7692307692307693,MnM
s09,"('mnm1', 4)",1.0,1.3014697006770544,0.875,MnM
s09,"('mnm2', 7)",0.0,0.9468083164908669,0.7857142857142857,MnM
s09,"('mnm2', 7)",0.0,0.7111793160438538,0.5,MnM
s09,"('mnm2', 7)",0.0,0.8267149329185486,0.6666666666666666,MnM
s09,"('mnm2', 7)",0.0,0.7158593764671912,0.9285714285714286,MnM
s09,"('mnm2', 7)",0.0,0.9028154015541077,0.8888888888888888,MnM
s09,"('mnm2', 7)",1.0,1.2626187801361084,1.0,MnM
s09,"('mnm2', 7)",1.0,1.0814106199476454,0.8181818181818182,MnM
s09,"('mnm2', 7)",1.0,0.8559313615163168,0.6666666666666666,MnM
s09,"('mnm2', 7)",0.0,0.8146019379297892,0.75,MnM
s09,"('mnm2', 7)",0.0,0.915548426764352,0.7777777777777778,MnM
s09,"('mnm2', 7)",1.0,0.9262534777323405,0.6923076923076923,MnM
s09,"('mnm2', 7)",0.0,0.870489525794983,0.8333333333333334,MnM
s09,"('mnm2', 7)",1.0,0.82407546043396,0.9166666666666666,MnM
s09,"('mnm2', 7)",0.0,0.9074208736419678,0.6666666666666666,MnM
s09,"('mnm2', 7)",0.0,0.8074643346998427,0.9,MnM
s09,"('mnm2', 7)",0.0,0.6748684644699097,0.5,MnM
s09,"('mnm2', 7)",1.0,0.867037832736969,0.9230769230769231,MnM
s09,"('mnm2', 7)",1.0,0.7047199408213297,1.0,MnM
s09,"('mnm2', 7)",0.0,0.790458470582962,0.7272727272727273,MnM
s09,"('mnm2', 7)",0.0,0.6672333081563314,0.8,MnM
s10,"('mnm1', 4)",1.0,1.1461767716841265,1.0,MnM
s10,"('mnm1', 4)",1.0,1.3380387479608709,1.0,MnM
s10,"('mnm1', 4)",1.0,1.223979663848877,0.8333333333333334,MnM
s10,"('mnm1', 4)",1.0,1.0618014335632324,1.0,MnM
s10,"('mnm1', 4)",1.0,0.9204266468683878,0.75,MnM
s10,"('mnm1', 4)",1.0,1.0437730721064977,1.0,MnM
s10,"('mnm1', 4)",0.0,1.071532357822765,0.8461538461538461,MnM
s10,"('mnm1', 4)",0.0,0.8731584846973419,0.8888888888888888,MnM
s10,"('mnm1', 4)",1.0,0.9089347256554497,0.9,MnM
s10,"('mnm1', 4)",1.0,0.9276108741760254,0.8333333333333334,MnM
s10,"('mnm1', 4)",0.0,0.9579690297444662,0.8,MnM
s10,"('mnm1', 4)",0.0,1.1288763826543635,0.7857142857142857,MnM
s10,"('mnm1', 4)",1.0,1.0877211093902588,0.8461538461538461,MnM
s10,"('mnm1', 4)",0.0,0.9181408665396951,0.9166666666666666,MnM
s10,"('mnm1', 4)",1.0,1.1576010187466939,0.8571428571428571,MnM
s10,"('mnm1', 4)",1.0,1.0402957797050476,0.8888888888888888,MnM
s10,"('mnm1', 4)",0.0,,0.0,MnM
s10,"('mnm1', 4)",1.0,0.977985143661499,1.0,MnM
s10,"('mnm1', 4)",1.0,0.8798339366912842,1.0,MnM
s10,"('mnm1', 4)",1.0,1.2449292182922362,0.8333333333333334,MnM
s10,"('mnm2', 7)",0.0,1.072298002243042,0.8333333333333334,MnM
s10,"('mnm2', 7)",1.0,0.9986040393511454,0.8666666666666667,MnM
s10,"('mnm2', 7)",1.0,0.9391438007354737,0.8333333333333334,MnM
s10,"('mnm2', 7)",0.0,1.0839719772338867,0.5,MnM
s10,"('mnm2', 7)",0.0,,0.0,MnM
s10,"('mnm2', 7)",1.0,0.8141367435455322,1.0,MnM
s10,"('mnm2', 7)",1.0,0.9143600940704346,0.7692307692307693,MnM
s10,"('mnm2', 7)",1.0,1.0358133682837853,1.0,MnM
s10,"('mnm2', 7)",1.0,0.8282854954401652,0.8666666666666667,MnM
s10,"('mnm2', 7)",1.0,0.9598674244350858,0.8181818181818182,MnM
s10,"('mnm2', 7)",1.0,1.146147108078003,0.8333333333333334,MnM
s10,"('mnm2', 7)",1.0,0.9892810583114624,0.9230769230769231,MnM
s10,"('mnm2', 7)",0.0,1.2907301982243855,0.75,MnM
s10,"('mnm2', 7)",1.0,0.951879448360867,1.0,MnM
s10,"('mnm2', 7)",1.0,1.1160413351925937,0.7857142857142857,MnM
s10,"('mnm2', 7)",1.0,1.1198615431785583,0.8,MnM
s10,"('mnm2', 7)",1.0,1.253087347204035,0.9166666666666666,MnM
s10,"('mnm2', 7)",1.0,1.0470373928546906,0.8,MnM
s10,"('mnm2', 7)",1.0,1.1455705165863037,0.7272727272727273,MnM
s10,"('mnm2', 7)",0.0,1.1544131636619568,0.8888888888888888,MnM
s11,"('mnm1', 4)",0.0,1.6005316575368245,0.42857142857142855,MnM
s11,"('mnm1', 4)",1.0,0.9744667291641236,0.8333333333333334,MnM
s11,"('mnm1', 4)",0.0,0.7281550168991089,0.5,MnM
s11,"('mnm1', 4)",1.0,1.0296584259379993,0.9166666666666666,MnM
s11,"('mnm1', 4)",0.0,1.1857474744319916,0.7272727272727273,MnM
s11,"('mnm1', 4)",1.0,1.1271683772404988,0.8666666666666667,MnM
s11,"('mnm1', 4)",0.0,1.186047111238752,0.7777777777777778,MnM
s11,"('mnm1', 4)",0.0,1.1262961030006409,0.8,MnM
s11,"('mnm1', 4)",1.0,1.1638923991810193,0.8,MnM
s11,"('mnm1', 4)",0.0,1.0893652439117432,0.5,MnM
s11,"('mnm1', 4)",0.0,1.1595108725807883,0.9166666666666666,MnM
s11,"('mnm1', 4)",1.0,1.2403018474578857,0.8888888888888888,MnM
s11,"('mnm1', 4)",1.0,1.1436975002288818,1.0,MnM
s11,"('mnm1', 4)",1.0,1.2129867510362105,0.8461538461538461,MnM
s11,"('mnm1', 4)",1.0,1.2629348278045653,0.8333333333333334,MnM
s11,"('mnm1', 4)",0.0,1.0170959949493408,0.9090909090909091,MnM
s11,"('mnm1', 4)",1.0,1.0867885589599608,0.8333333333333334,MnM
s11,"('mnm1', 4)",0.0,1.0889164100993762,0.7857142857142857,MnM
s11,"('mnm1', 4)",1.0,1.1146249771118164,0.8181818181818182,MnM
s11,"('mnm1', 4)",0.0,1.3463281393051147,0.8,MnM
s11,"('mnm2', 7)",0.0,1.4845068454742432,0.5,MnM
s11,"('mnm2', 7)",1.0,0.9411889910697937,0.5,MnM
s11,"('mnm2', 7)",1.0,0.9893860220909119,0.5714285714285714,MnM
s11,"('mnm2', 7)",0.0,1.029768943786621,0.9166666666666666,MnM
s11,"('mnm2', 7)",0.0,0.8850596291678292,0.7,MnM
s11,"('mnm2', 7)",0.0,0.9971570491790771,0.5555555555555556,MnM
s11,"('mnm2', 7)",1.0,0.935494065284729,1.0,MnM
s11,"('mnm2', 7)",0.0,1.0536379814147951,0.5,MnM
s11,"('mnm2', 7)",1.0,1.209252381324768,0.8333333333333334,MnM
s11,"('mnm2', 7)",1.0,1.2191239270296963,0.7857142857142857,MnM
s11,"('mnm2', 7)",0.0,1.0416157245635986,0.8333333333333334,MnM
s11,"('mnm2', 7)",1.0,1.3401229977607727,0.8,MnM
s11,"('mnm2', 7)",0.0,1.2309191756778293,0.8181818181818182,MnM
s11,"('mnm2', 7)",0.0,0.9014622211456299,0.6666666666666666,MnM
s11,"('mnm2', 7)",0.0,0.8606277704238892,0.8,MnM
s11,"('mnm2', 7)",0.0,0.8788180351257324,0.3333333333333333,MnM
s11,"('mnm2', 7)",0.0,0.8870836098988851,0.8571428571428571,MnM
s11,"('mnm2', 7)",0.0,0.8140449225902557,1.0,MnM
s11,"('mnm2', 7)",0.0,0.7931169379841198,0.9166666666666666,MnM
s11,"('mnm2', 7)",0.0,0.6948548257350922,0.7272727272727273,MnM
s12,"('mnm1', 4)",0.0,1.1301944851875305,0.5,MnM
s12,"('mnm1', 4)",0.0,1.223405647277832,0.9090909090909091,MnM
s12,"('mnm1', 4)",1.0,1.0232151406151908,1.0,MnM
s12,"('mnm1', 4)",1.0,1.1384139590793185,1.0,MnM
s12,"('mnm1', 4)",0.0,1.3746165037155151,0.6666666666666666,MnM
s12,"('mnm1', 4)",0.0,0.9631408214569092,0.8333333333333334,MnM
s12,"('mnm1', 4)",1.0,1.0407212972640991,0.8571428571428571,MnM
s12,"('mnm1', 4)",0.0,0.9489903109414237,0.875,MnM
s12,"('mnm1', 4)",1.0,1.2687525408608573,1.0,MnM
s12,"('mnm1', 4)",1.0,1.0326145225101047,1.0,MnM
s12,"('mnm1', 4)",1.0,1.1524907350540161,1.0,MnM
s12,"('mnm1', 4)",0.0,0.7591657042503357,0.4444444444444444,MnM
s12,"('mnm1', 4)",0.0,1.1968106031417847,0.8,MnM
s12,"('mnm1', 4)",0.0,1.2024030174527849,0.9333333333333333,MnM
s12,"('mnm1', 4)",0.0,1.2744948863983154,0.9,MnM
s12,"('mnm1', 4)",1.0,1.061820149421692,0.8333333333333334,MnM
s12,"('mnm1', 4)",1.0,1.0783165584910999,0.9166666666666666,MnM
s12,"('mnm1', 4)",1.0,1.2187280654907227,1.0,MnM
s12,"('mnm1', 4)",0.0,1.0577677726745605,0.7692307692307693,MnM
s12,"('mnm1', 4)",1.0,1.0927913983662922,0.75,MnM
s12,"('mnm2', 7)",1.0,0.88204026222229,0.9333333333333333,MnM
s12,"('mnm2', 7)",0.0,0.8409879207611084,0.5,MnM
s12,"('mnm2', 7)",0.0,1.0515849590301514,0.75,MnM
s12,"('mnm2', 7)",1.0,0.8157542943954468,0.8571428571428571,MnM
s12,"('mnm2', 7)",1.0,0.8914417425791422,0.8571428571428571,MnM
s12,"('mnm2', 7)",1.0,1.1624459743499755,1.0,MnM
s12,"('mnm2', 7)",1.0,1.1249587719257061,1.0,MnM
s12,"('mnm2', 7)",1.0,1.020748986138238,0.8181818181818182,MnM
s12,"('mnm2', 7)",1.0,0.9327263534069061,0.8888888888888888,MnM
s12,"('mnm2', 7)",1.0,1.0743095874786377,0.875,MnM
s12,"('mnm2', 7)",1.0,1.0567976236343384,0.8,MnM
s12,"('mnm2', 7)",1.0,1.0820477442307905,0.8461538461538461,MnM
s12,"('mnm2', 7)",0.0,1.2208360036214192,0.6,MnM
s12,"('mnm2', 7)",0.0,0.9863226175308227,0.9090909090909091,MnM
s12,"('mnm2', 7)",0.0,1.101742406686147,0.9230769230769231,MnM
s12,"('mnm2', 7)",0.0,0.7674601342942979,0.6428571428571429,MnM
s12,"('mnm2', 7)",0.0,1.0371982753276825,0.8,MnM
s12,"('mnm2', 7)",1.0,0.8536225855350494,0.8888888888888888,MnM
s12,"('mnm2', 7)",0.0,0.8775311946868897,0.4166666666666667,MnM
s12,"('mnm2', 7)",0.0,0.8909282684326172,0.5714285714285714,MnM
s13,"('mnm1', 4)",1.0,1.242948660483727,1.0,MnM
s13,"('mnm1', 4)",0.0,1.2684414046151298,0.7777777777777778,MnM
s13,"('mnm1', 4)",0.0,0.9306867122650146,0.7777777777777778,MnM
s13,"('mnm1', 4)",1.0,1.0469656785329182,1.0,MnM
s13,"('mnm1', 4)",1.0,1.1162952184677124,1.0,MnM
s13,"('mnm1', 4)",0.0,0.9769744506249061,0.8666666666666667,MnM
s13,"('mnm1', 4)",0.0,1.0809308767318726,0.7692307692307693,MnM
s13,"('mnm1', 4)",0.0,0.9912775456905365,0.8888888888888888,MnM
s13,"('mnm1', 4)",0.0,0.7922743388584682,0.875,MnM
s13,"('mnm1', 4)",1.0,1.0543211156671697,0.9166666666666666,MnM
s13,"('mnm1', 4)",0.0,1.0710740430014474,0.7,MnM
s13,"('mnm1', 4)",0.0,1.0988864103953044,0.75,MnM
s13,"('mnm1', 4)",0.0,0.7187429666519165,0.6666666666666666,MnM
s13,"('mnm1', 4)",0.0,1.1676568984985352,0.7142857142857143,MnM
s13,"('mnm1', 4)",0.0,0.8118889698615441,0.8666666666666667,MnM
s13,"('mnm1', 4)",0.0,1.1777657440730505,0.6363636363636364,MnM
s13,"('mnm1', 4)",0.0,0.8881959915161133,0.75,MnM
s13,"('mnm1', 4)",0.0,0.9639313618342081,0.8571428571428571,MnM
s13,"('mnm1', 4)",0.0,0.9304894208908081,0.6666666666666666,MnM
s13,"('mnm1', 4)",1.0,1.0458289623260497,0.9090909090909091,MnM
s13,"('mnm2', 7)",1.0,1.1496968950544084,0.7,MnM
s13,"('mnm2', 7)",1.0,0.9105755415829745,1.0,MnM
s13,"('mnm2', 7)",0.0,0.8165186941623688,0.8888888888888888,MnM
s13,"('mnm2', 7)",0.0,,0.0,MnM
s13,"('mnm2', 7)",1.0,0.9011573791503906,1.0,MnM
s13,"('mnm2', 7)",0.0,1.1896586418151855,0.8333333333333334,MnM
s13,"('mnm2', 7)",0.0,0.8072007596492767,0.8,MnM
s13,"('mnm2', 7)",1.0,0.9804627100626627,1.0,MnM
s13,"('mnm2', 7)",1.0,1.2180456320444744,0.8571428571428571,MnM
s13,"('mnm2', 7)",0.0,1.214604411806379,0.875,MnM
s13,"('mnm2', 7)",0.0,1.1718883514404297,0.7692307692307693,MnM
s13,"('mnm2', 7)",0.0,1.0622605843977495,0.8461538461538461,MnM
s13,"('mnm2', 7)",0.0,0.8799943056973544,0.7857142857142857,MnM
s13,"('mnm2', 7)",0.0,1.002570343017578,0.625,MnM
s13,"('mnm2', 7)",0.0,1.057658653992873,0.8666666666666667,MnM
s13,"('mnm2', 7)",0.0,1.1597316265106201,0.5,MnM
s13,"('mnm2', 7)",0.0,1.0413751818917014,0.9166666666666666,MnM
s13,"('mnm2', 7)",0.0,0.9783159732818604,0.6666666666666666,MnM
s13,"('mnm2', 7)",0.0,0.8234721819559733,0.8571428571428571,MnM
s13,"('mnm2', 7)",1.0,0.9673549890518188,0.9090909090909091,MnM
s14,"('mnm1', 4)",0.0,0.9314678609371185,0.8,MnM
s14,"('mnm1', 4)",1.0,1.0339214536878798,1.0,MnM
s14,"('mnm1', 4)",1.0,1.0499154054201567,0.9333333333333333,MnM
s14,"('mnm1', 4)",1.0,1.2346726114099675,1.0,MnM
s14,"('mnm1', 4)",0.0,1.1904000242551167,0.9230769230769231,MnM
s14,"('mnm1', 4)",0.0,1.044594931602478,0.9090909090909091,MnM
s14,"('mnm1', 4)",1.0,1.2305492560068767,1.0,MnM
s14,"('mnm1', 4)",1.0,1.0705769743238176,1.0,MnM
s14,"('mnm1', 4)",1.0,1.234187364578247,0.9166666666666666,MnM
s14,"('mnm1', 4)",1.0,1.1410680015881856,0.8666666666666667,MnM
s14,"('mnm1', 4)",1.0,1.1899020671844482,0.9230769230769231,MnM
s14,"('mnm1', 4)",0.0,0.9933453968593052,0.875,MnM
s14,"('mnm1', 4)",1.0,0.8824903964996338,1.0,MnM
s14,"('mnm1', 4)",1.0,1.2110216617584229,1.0,MnM
s14,"('mnm1', 4)",0.0,0.8504219849904379,0.75,MnM
s14,"('mnm1', 4)",0.0,1.1154812276363373,0.6666666666666666,MnM
s14,"('mnm1', 4)",0.0,1.198236346244812,0.9230769230769231,MnM
s14,"('mnm1', 4)",0.0,0.9344099930354527,0.875,MnM
s14,"('mnm1', 4)",1.0,1.1750789642333985,1.0,MnM
s14,"('mnm1', 4)",1.0,1.1113548278808594,1.0,MnM
s14,"('mnm2', 7)",0.0,0.6910136938095093,0.7272727272727273,MnM
s14,"('mnm2', 7)",0.0,0.967868447303772,0.6666666666666666,MnM
s14,"('mnm2', 7)",0.0,1.0605024099349976,0.8888888888888888,MnM
s14,"('mnm2', 7)",0.0,1.124260663986206,0.8461538461538461,MnM
s14,"('mnm2', 7)",0.0,0.9624626159667968,0.9090909090909091,MnM
s14,"('mnm2', 7)",0.0,0.654448390007019,0.8,MnM
s14,"('mnm2', 7)",0.0,0.8654499053955078,0.6666666666666666,MnM
s14,"('mnm2', 7)",0.0,0.7479006733213153,0.9333333333333333,MnM
s14,"('mnm2', 7)",0.0,0.6984005769093832,0.9,MnM
s14,"('mnm2', 7)",0.0,0.7265569296750155,0.9166666666666666,MnM
s14,"('mnm2', 7)",0.0,0.7271497433002179,0.9285714285714286,MnM
s14,"('mnm2', 7)",0.0,1.120370474728671,0.8461538461538461,MnM
s14,"('mnm2', 7)",0.0,0.5996243086728182,0.9166666666666666,MnM
s14,"('mnm2', 7)",0.0,0.7117201260157994,0.875,MnM
s14,"('mnm2', 7)",0.0,0.7480423980289035,0.9,MnM
s14,"('mnm2', 7)",0.0,0.7819626927375793,0.8,MnM
s14,"('mnm2', 7)",0.0,0.8665414154529572,0.8888888888888888,MnM
s14,"('mnm2', 7)",0.0,0.7072357914664529,0.8461538461538461,MnM
s14,"('mnm2', 7)",0.0,0.8849716186523438,0.875,MnM
s14,"('mnm2', 7)",1.0,1.010745848928179,1.0,MnM
s15,"('mnm1', 4)",0.0,0.16171598434448242,0.1111111111111111,MnM
s15,"('mnm1', 4)",0.0,0.6597180366516113,0.6923076923076923,MnM
s15,"('mnm1', 4)",0.0,0.9786299296787807,0.7777777777777778,MnM
s15,"('mnm1', 4)",0.0,0.6945027828216552,0.7142857142857143,MnM
s15,"('mnm1', 4)",0.0,0.6636617733882024,0.8666666666666667,MnM
s15,"('mnm1', 4)",0.0,,,MnM
s15,"('mnm1', 4)",0.0,1.109879344701767,0.8,MnM
s15,"('mnm1', 4)",0.0,,0.0,MnM
s15,"('mnm1', 4)",0.0,1.1605024337768555,0.625,MnM
s15,"('mnm1', 4)",0.0,1.198821680886405,0.6363636363636364,MnM
s15,"('mnm1', 4)",0.0,1.0638995965321858,0.75,MnM
s15,"('mnm1', 4)",0.0,0.8896913528442383,0.625,MnM
s15,"('mnm1', 4)",0.0,0.6439729928970337,0.8571428571428571,MnM
s15,"('mnm1', 4)",0.0,0.687802791595459,0.8181818181818182,MnM
s15,"('mnm1', 4)",0.0,0.6419290966457791,0.8181818181818182,MnM
s15,"('mnm1', 4)",0.0,0.6481977105140686,0.5,MnM
s15,"('mnm1', 4)",0.0,0.8022134304046631,0.6153846153846154,MnM
s15,"('mnm1', 4)",0.0,1.0874536037445068,0.6666666666666666,MnM
s15,"('mnm1', 4)",0.0,,0.0,MnM
s15,"('mnm1', 4)",0.0,,0.0,MnM
s15,"('mnm2', 7)",0.0,0.9546698570251465,0.8333333333333334,MnM
s15,"('mnm2', 7)",0.0,0.7775361971421675,0.9166666666666666,MnM
s15,"('mnm2', 7)",0.0,0.7419349153836569,0.9230769230769231,MnM
s15,"('mnm2', 7)",0.0,0.5974782875605992,0.7777777777777778,MnM
s15,"('mnm2', 7)",0.0,0.8052063783009847,0.9230769230769231,MnM
s15,"('mnm2', 7)",0.0,0.8259975569588798,0.7,MnM
s15,"('mnm2', 7)",0.0,0.9727461338043212,0.5,MnM
s15,"('mnm2', 7)",0.0,0.9223828315734863,0.8333333333333334,MnM
s15,"('mnm2', 7)",0.0,0.6617210149765015,0.7142857142857143,MnM
s15,"('mnm2', 7)",0.0,0.664277458190918,0.625,MnM
s15,"('mnm2', 7)",0.0,0.8084946473439535,0.6,MnM
s15,"('mnm2', 7)",0.0,0.7426691055297852,0.5,MnM
s15,"('mnm2', 7)",0.0,0.9281653563181559,0.9,MnM
s15,"('mnm2', 7)",0.0,1.077606743032282,0.7857142857142857,MnM
s15,"('mnm2', 7)",0.0,0.8785213947296142,0.5,MnM
s15,"('mnm2', 7)",0.0,0.783465998513358,0.875,MnM
s15,"('mnm2', 7)",0.0,0.7959094414344201,0.8666666666666667,MnM
s15,"('mnm2', 7)",0.0,0.7528896331787109,0.42857142857142855,MnM
s15,"('mnm2', 7)",0.0,0.7181862990061442,0.75,MnM
s15,"('mnm2', 7)",0.0,0.8598733842372894,0.8,MnM
s16,"('mnm1', 4)",1.0,0.8425043423970541,1.0,MnM
s16,"('mnm1', 4)",1.0,0.7404550015926361,0.8888888888888888,MnM
s16,"('mnm1', 4)",0.0,1.007878065109253,0.8461538461538461,MnM
s16,"('mnm1', 4)",0.0,0.9425402879714966,0.9090909090909091,MnM
s16,"('mnm1', 4)",1.0,0.9089307955333165,1.0,MnM
s16,"('mnm1', 4)",0.0,1.0491302490234375,0.9090909090909091,MnM
s16,"('mnm1', 4)",1.0,0.5740124185880026,1.0,MnM
s16,"('mnm1', 4)",1.0,0.8362746503618028,1.0,MnM
s16,"('mnm1', 4)",0.0,0.8755995375769479,0.9333333333333333,MnM
s16,"('mnm1', 4)",1.0,0.8127439205463116,0.9285714285714286,MnM
s16,"('mnm1', 4)",1.0,1.0916686654090881,1.0,MnM
s16,"('mnm1', 4)",1.0,0.8390931685765585,1.0,MnM
s16,"('mnm1', 4)",0.0,,0.0,MnM
s16,"('mnm1', 4)",1.0,0.9442171785566542,0.9,MnM
s16,"('mnm1', 4)",0.0,1.111725926399231,0.8,MnM
s16,"('mnm1', 4)",1.0,0.894787053267161,0.8571428571428571,MnM
s16,"('mnm1', 4)",1.0,0.8487955033779144,1.0,MnM
s16,"('mnm1', 4)",1.0,0.9040452837944031,1.0,MnM
s16,"('mnm1', 4)",1.0,1.0038740038871765,0.9230769230769231,MnM
s16,"('mnm1', 4)",0.0,0.5978107111794608,0.875,MnM
s16,"('mnm2', 7)",0.0,0.5407956600189209,0.5,MnM
s16,"('mnm2', 7)",0.0,0.8349239826202393,0.5,MnM
s16,"('mnm2', 7)",0.0,0.6464582851954869,0.6363636363636364,MnM
s16,"('mnm2', 7)",0.0,,0.0,MnM
s16,"('mnm2', 7)",1.0,0.8769217332204183,1.0,MnM
s16,"('mnm2', 7)",0.0,0.7664670944213867,0.5,MnM
s16,"('mnm2', 7)",0.0,1.0125586436345027,0.9285714285714286,MnM
s16,"('mnm2', 7)",0.0,0.8591190179189047,0.46153846153846156,MnM
s16,"('mnm2', 7)",0.0,0.8145131766796112,0.8,MnM
s16,"('mnm2', 7)",1.0,0.7872519731521607,0.7333333333333333,MnM
s16,"('mnm2', 7)",1.0,0.6229302883148193,0.5,MnM
s16,"('mnm2', 7)",0.0,0.5610779391394721,0.9,MnM
s16,"('mnm2', 7)",1.0,0.7458310127258301,0.6,MnM
s16,"('mnm2', 7)",0.0,0.5831683549014005,0.7857142857142857,MnM
s16,"('mnm2', 7)",0.0,0.9266381480477073,0.8461538461538461,MnM
s16,"('mnm2', 7)",0.0,0.5460844039916992,0.6666666666666666,MnM
s16,"('mnm2', 7)",0.0,0.79391496522086,0.7777777777777778,MnM
s16,"('mnm2', 7)",0.0,0.8359747727711996,0.75,MnM
s16,"('mnm2', 7)",1.0,0.7303079041567716,0.7857142857142857,MnM
s16,"('mnm2', 7)",0.0,0.7889379773821149,0.7777777777777778,MnM
s17,"('mnm1', 4)",0.0,0.9410217867957221,0.9,MnM
s17,"('mnm1', 4)",0.0,0.9766944135938372,0.7777777777777778,MnM
s17,"('mnm1', 4)",1.0,1.1550525426864624,1.0,MnM
s17,"('mnm1', 4)",1.0,0.8656771779060364,0.8666666666666667,MnM
s17,"('mnm1', 4)",0.0,1.0037753582000732,0.75,MnM
s17,"('mnm1', 4)",1.0,0.9576684633890787,0.8181818181818182,MnM
s17,"('mnm1', 4)",1.0,1.0320562215951772,1.0,MnM
s17,"('mnm1', 4)",1.0,0.801935152574019,1.0,MnM
s17,"('mnm1', 4)",1.0,1.1787232458591461,1.0,MnM
s17,"('mnm1', 4)",1.0,1.1341944762638636,1.0,MnM
s17,"('mnm1', 4)",1.0,1.0148835480213165,0.8888888888888888,MnM
s17,"('mnm1', 4)",0.0,0.9150627959858287,0.7857142857142857,MnM
s17,"('mnm1', 4)",0.0,0.9756259123484293,0.9230769230769231,MnM
s17,"('mnm1', 4)",1.0,1.1067270172966852,0.9,MnM
s17,"('mnm1', 4)",0.0,0.8936935492924282,0.875,MnM
s17,"('mnm1', 4)",0.0,0.9155876636505127,0.75,MnM
s17,"('mnm1', 4)",1.0,1.1242306573050362,1.0,MnM
s17,"('mnm1', 4)",1.0,1.0177893161773681,0.9090909090909091,MnM
s17,"('mnm1', 4)",0.0,1.4337689876556396,0.5,MnM
s17,"('mnm1', 4)",0.0,,0.0,MnM
s17,"('mnm2', 7)",0.0,1.0631727695465087,0.7692307692307693,MnM
s17,"('mnm2', 7)",1.0,1.0200609101189508,1.0,MnM
s17,"('mnm2', 7)",0.0,0.7658390998840332,0.5,MnM
s17,"('mnm2', 7)",1.0,0.9561144411563873,1.0,MnM
s17,"('mnm2', 7)",1.0,1.0122383662632533,1.0,MnM
s17,"('mnm2', 7)",0.0,1.0634101087396794,0.8461538461538461,MnM
s17,"('mnm2', 7)",1.0,1.3129300673802693,1.0,MnM
s17,"('mnm2', 7)",0.0,1.0292315483093262,0.7272727272727273,MnM
s17,"('mnm2', 7)",0.0,0.8126981258392334,0.75,MnM
s17,"('mnm2', 7)",1.0,0.906075290271214,1.0,MnM
s17,"('mnm2', 7)",0.0,1.1109859347343445,0.8,MnM
s17,"('mnm2', 7)",1.0,1.294666051864624,1.0,MnM
s17,"('mnm2', 7)",0.0,1.0455970287322998,0.8333333333333334,MnM
s17,"('mnm2', 7)",0.0,0.9223586320877075,0.8888888888888888,MnM
s17,"('mnm2', 7)",0.0,0.7943750222524008,0.8,MnM
s17,"('mnm2', 7)",1.0,0.8576181616101947,1.0,MnM
s17,"('mnm2', 7)",0.0,1.2052424483829074,0.9,MnM
s17,"('mnm2', 7)",0.0,1.0823447704315186,0.9090909090909091,MnM
s17,"('mnm2', 7)",1.0,1.128858826377175,1.0,MnM
s17,"('mnm2', 7)",1.0,0.9259930981530083,0.9,MnM
s18,"('mnm1', 4)",1.0,1.0321412427084786,1.0,MnM
s18,"('mnm1', 4)",0.0,1.1425183216730754,0.8571428571428571,MnM
s18,"('mnm1', 4)",0.0,1.001177231470744,0.9,MnM
s18,"('mnm1', 4)",1.0,0.8519099950790405,1.0,MnM
s18,"('mnm1', 4)",1.0,1.1024853502001082,1.0,MnM
s18,"('mnm1', 4)",1.0,1.0752590894699097,1.0,MnM
s18,"('mnm1', 4)",0.0,1.2036515176296234,0.8,MnM
s18,"('mnm1', 4)",0.0,0.9943249225616456,0.6666666666666666,MnM
s18,"('mnm1', 4)",1.0,1.163970708847046,1.0,MnM
s18,"('mnm1', 4)",0.0,1.1280904081132677,0.6923076923076923,MnM
s18,"('mnm1', 4)",0.0,1.0315958658854167,0.75,MnM
s18,"('mnm1', 4)",1.0,0.8775865691048759,0.7777777777777778,MnM
s18,"('mnm1', 4)",1.0,1.0049121379852295,1.0,MnM
s18,"('mnm1', 4)",1.0,1.287183231777615,1.0,MnM
s18,"('mnm1', 4)",0.0,1.188202977180481,0.6666666666666666,MnM
s18,"('mnm1', 4)",1.0,1.3386309146881104,0.9090909090909091,MnM
s18,"('mnm1', 4)",0.0,1.3963397571018763,0.9333333333333333,MnM
s18,"('mnm1', 4)",1.0,1.2111189564069111,0.9230769230769231,MnM
s18,"('mnm1', 4)",1.0,1.2497210264205934,0.9090909090909091,MnM
s18,"('mnm1', 4)",1.0,1.1291422545909882,1.0,MnM
s18,"('mnm2', 7)",1.0,1.070435881614685,1.0,MnM
s18,"('mnm2', 7)",0.0,1.0737563967704773,0.8,MnM
s18,"('mnm2', 7)",0.0,1.2743964195251465,0.8888888888888888,MnM
s18,"('mnm2', 7)",0.0,1.2202805280685425,0.8571428571428571,MnM
s18,"('mnm2', 7)",1.0,1.080095370610555,1.0,MnM
s18,"('mnm2', 7)",1.0,1.1249294064261697,1.0,MnM
s18,"('mnm2', 7)",0.0,0.928421868218316,0.9,MnM
s18,"('mnm2', 7)",1.0,1.12081382671992,1.0,MnM
s18,"('mnm2', 7)",0.0,1.1807029008865357,0.7142857142857143,MnM
s18,"('mnm2', 7)",1.0,1.1407958030700684,1.0,MnM
s18,"('mnm2', 7)",0.0,1.2676223913828533,0.9230769230769231,MnM
s18,"('mnm2', 7)",0.0,1.172257622083028,1.0,MnM
s18,"('mnm2', 7)",1.0,0.888706794151893,0.9285714285714286,MnM
s18,"('mnm2', 7)",0.0,1.0071358382701874,0.8888888888888888,MnM
s18,"('mnm2', 7)",1.0,1.332484313419887,0.875,MnM
s18,"('mnm2', 7)",1.0,1.0869665543238323,1.0,MnM
s18,"('mnm2', 7)",0.0,1.1737842559814453,0.9333333333333333,MnM
s18,"('mnm2', 7)",1.0,1.1299808025360107,1.0,MnM
s18,"('mnm2', 7)",0.0,1.0537283897399903,0.9090909090909091,MnM
s18,"('mnm2', 7)",1.0,1.1340838472048442,0.8571428571428571,MnM
s19,"('mnm1', 4)",0.0,0.8206639024946425,0.9,MnM
s19,"('mnm1', 4)",0.0,1.0566001415252686,0.9090909090909091,MnM
s19,"('mnm1', 4)",1.0,1.3133904933929443,0.6666666666666666,MnM
s19,"('mnm1', 4)",1.0,1.1364104380974402,0.9333333333333333,MnM
s19,"('mnm1', 4)",0.0,1.152416467666626,0.8181818181818182,MnM
s19,"('mnm1', 4)",0.0,0.8974207097833807,0.7857142857142857,MnM
s19,"('mnm1', 4)",0.0,0.9255710840225219,0.6666666666666666,MnM
s19,"('mnm1', 4)",1.0,0.9275654157002767,0.75,MnM
s19,"('mnm1', 4)",0.0,1.0737130641937256,0.7857142857142857,MnM
s19,"('mnm1', 4)",0.0,0.9762677881452773,0.8181818181818182,MnM
s19,"('mnm1', 4)",1.0,0.7579812606175741,0.9230769230769231,MnM
s19,"('mnm1', 4)",0.0,0.9467891693115235,0.8333333333333334,MnM
s19,"('mnm1', 4)",0.0,0.8621608912944794,0.8,MnM
s19,"('mnm1', 4)",1.0,0.7761971652507782,0.8888888888888888,MnM
s19,"('mnm1', 4)",1.0,0.7434443950653076,0.8333333333333334,MnM
s19,"('mnm1', 4)",0.0,0.9670143524805704,0.8571428571428571,MnM
s19,"('mnm1', 4)",1.0,1.0177855308239276,0.9333333333333333,MnM
s19,"('mnm1', 4)",1.0,0.9300831386021206,0.7777777777777778,MnM
s19,"('mnm1', 4)",0.0,1.0711817060198103,0.875,MnM
s19,"('mnm1', 4)",0.0,1.2683086054665702,0.875,MnM
s19,"('mnm2', 7)",1.0,0.8399925947189331,1.0,MnM
s19,"('mnm2', 7)",1.0,0.9637459516525269,1.0,MnM
s19,"('mnm2', 7)",0.0,1.0643935468461778,0.75,MnM
s19,"('mnm2', 7)",0.0,0.7605621337890625,0.625,MnM
s19,"('mnm2', 7)",0.0,0.9448727369308472,0.8,MnM
s19,"('mnm2', 7)",0.0,0.7482850892203194,0.7777777777777778,MnM
s19,"('mnm2', 7)",0.0,0.9647439076350286,0.9285714285714286,MnM
s19,"('mnm2', 7)",1.0,0.8934087157249451,0.9230769230769231,MnM
s19,"('mnm2', 7)",0.0,0.7366948127746582,0.75,MnM
s19,"('mnm2', 7)",0.0,0.7895552515983582,0.6153846153846154,MnM
s19,"('mnm2', 7)",1.0,1.062479813893636,0.9285714285714286,MnM
s19,"('mnm2', 7)",0.0,0.9237735271453857,0.8888888888888888,MnM
s19,"('mnm2', 7)",1.0,1.117375135421753,0.9230769230769231,MnM
s19,"('mnm2', 7)",0.0,0.8434916337331136,0.75,MnM
s19,"('mnm2', 7)",0.0,0.834375,0.7142857142857143,MnM
s19,"('mnm2', 7)",0.0,0.8355311263691295,0.8461538461538461,MnM
s19,"('mnm2', 7)",0.0,0.6960920810699462,0.9090909090909091,MnM
s19,"('mnm2', 7)",0.0,0.9605589807033539,1.0,MnM
s19,"('mnm2', 7)",0.0,,0.0,MnM
s19,"('mnm2', 7)",0.0,0.9411800967322456,0.9,MnM
s20,"('mnm1', 4)",0.0,0.9520576000213623,1.0,MnM
s20,"('mnm1', 4)",0.0,0.8429789543151855,1.0,MnM
s20,"('mnm1', 4)",0.0,,,MnM
s20,"('mnm1', 4)",0.0,1.5737419128417969,0.3333333333333333,MnM
s20,"('mnm1', 4)",0.0,1.0122408469518025,1.0,MnM
s20,"('mnm1', 4)",0.0,,0.0,MnM
s20,"('mnm1', 4)",0.0,1.2808285781315394,1.0,MnM
s20,"('mnm1', 4)",0.0,,,MnM
s20,"('mnm1', 4)",0.0,1.0466236273447673,0.75,MnM
s20,"('mnm1', 4)",0.0,,0.0,MnM
s20,"('mnm1', 4)",0.0,,,MnM
s20,"('mnm1', 4)",0.0,,,MnM
s20,"('mnm1', 4)",0.0,,,MnM
s20,"('mnm1', 4)",0.0,,,MnM
s20,"('mnm1', 4)",0.0,,,MnM
s20,"('mnm1', 4)",0.0,0.8334335088729858,0.5,MnM
s20,"('mnm1', 4)",0.0,0.8248078028361002,0.8571428571428571,MnM
s20,"('mnm1', 4)",0.0,,,MnM
s20,"('mnm1', 4)",0.0,,0.0,MnM
s20,"('mnm1', 4)",0.0,,,MnM
s20,"('mnm2', 7)",0.0,0.8743208408355713,0.8333333333333334,MnM
s20,"('mnm2', 7)",1.0,1.0607130726178486,0.9230769230769231,MnM
s20,"('mnm2', 7)",1.0,1.0327238853161151,0.9333333333333333,MnM
s20,"('mnm2', 7)",0.0,0.7330408096313477,0.5,MnM
s20,"('mnm2', 7)",0.0,0.70111616452535,0.6,MnM
s20,"('mnm2', 7)",0.0,0.7034148086201061,0.9166666666666666,MnM
s20,"('mnm2', 7)",0.0,0.6803441445032755,0.8571428571428571,MnM
s20,"('mnm2', 7)",1.0,1.1076951026916504,1.0,MnM
s20,"('mnm2', 7)",1.0,0.8236978948116302,0.8888888888888888,MnM
s20,"('mnm2', 7)",0.0,0.9345692907060895,0.875,MnM
s20,"('mnm2', 7)",0.0,0.49930469195048016,0.6,MnM
s20,"('mnm2', 7)",0.0,1.1180775165557861,0.75,MnM
s20,"('mnm2', 7)",0.0,0.8649683915651761,0.9285714285714286,MnM
s20,"('mnm2', 7)",0.0,0.7134451866149902,0.1,MnM
s20,"('mnm2', 7)",0.0,0.9127246652330671,0.6363636363636364,MnM
s20,"('mnm2', 7)",1.0,0.9868466854095459,1.0,MnM
s20,"('mnm2', 7)",0.0,0.8222800493240356,0.6666666666666666,MnM
s20,"('mnm2', 7)",0.0,0.8726028033665248,0.4666666666666667,MnM
s20,"('mnm2', 7)",0.0,0.6911853551864624,0.8571428571428571,MnM
s20,"('mnm2', 7)",1.0,0.9370986620585123,0.5454545454545454,MnM
s21,"('mnm1', 4)",0.0,,0.0,MnM
s21,"('mnm1', 4)",0.0,,0.0,MnM
s21,"('mnm1', 4)",0.0,,0.0,MnM
s21,"('mnm1', 4)",0.0,,,MnM
s21,"('mnm1', 4)",0.0,,,MnM
s21,"('mnm1', 4)",0.0,,,MnM
s21,"('mnm1', 4)",0.0,,,MnM
s21,"('mnm1', 4)",0.0,,,MnM
s21,"('mnm1', 4)",0.0,,,MnM
s21,"('mnm1', 4)",0.0,,,MnM
s21,"('mnm1', 4)",0.0,,,MnM
s21,"('mnm1', 4)",0.0,,,MnM
s21,"('mnm1', 4)",0.0,,,MnM
s21,"('mnm1', 4)",0.0,,,MnM
s21,"('mnm1', 4)",0.0,,,MnM
s21,"('mnm1', 4)",0.0,,,MnM
s21,"('mnm1', 4)",0.0,,0.0,MnM
s21,"('mnm1', 4)",0.0,,,MnM
s21,"('mnm1', 4)",0.0,,,MnM
s21,"('mnm1', 4)",0.0,,0.0,MnM
s21,"('mnm2', 7)",0.0,,0.0,MnM
s21,"('mnm2', 7)",0.0,,,MnM
s21,"('mnm2', 7)",0.0,,,MnM
s21,"('mnm2', 7)",0.0,,0.0,MnM
s21,"('mnm2', 7)",0.0,,,MnM
s21,"('mnm2', 7)",0.0,,,MnM
s21,"('mnm2', 7)",0.0,,,MnM
s21,"('mnm2', 7)",0.0,,,MnM
s21,"('mnm2', 7)",0.0,,,MnM
s21,"('mnm2', 7)",0.0,,,MnM
s21,"('mnm2', 7)",0.0,,,MnM
s21,"('mnm2', 7)",0.0,,,MnM
s21,"('mnm2', 7)",0.0,,0.0,MnM
s21,"('mnm2', 7)",0.0,,0.0,MnM
s21,"('mnm2', 7)",0.0,,,MnM
s21,"('mnm2', 7)",0.0,,,MnM
s21,"('mnm2', 7)",0.0,,,MnM
s21,"('mnm2', 7)",0.0,,0.0,MnM
s21,"('mnm2', 7)",0.0,,,MnM
s21,"('mnm2', 7)",0.0,,,MnM
